1,2,0.7,rr
1,4,0.644,rr
1,6,0.561,rr
1,8,0.531,rr
1,10,0.487,rr
1,12,0.476,rr
1,14,0.461,rr
1,16,0.496,rr
1,18,0.444,rr
1,20,0.472,rr
1,22,0.442,rr
1,24,0.465,rr
1,26,0.433,rr
1,28,0.389,rr
1,30,0.418,rr
1,32,0.455,rr
1,34,0.41,rr
1,36,0.422,rr
1,38,0.412,rr
1,40,0.414,rr
1,42,0.407,rr
1,44,0.423,rr
1,46,0.425,rr
1,48,0.42,rr
1,50,0.42,rr
1,52,0.441,rr
1,54,0.405,rr
1,56,0.425,rr
1,58,0.432,rr
1,60,0.43,rr
1,62,0.429,rr
1,64,0.408,rr
1,66,0.41,rr
1,68,0.422,rr
1,70,0.421,rr
1,72,0.378,rr
1,74,0.398,rr
1,76,0.409,rr
1,78,0.395,rr
1,80,0.401,rr
1,82,0.389,rr
1,84,0.446,rr
1,86,0.413,rr
1,88,0.387,rr
1,90,0.413,rr
1,92,0.384,rr
1,94,0.419,rr
1,96,0.43,rr
1,98,0.395,rr
1,100,0.389,rr
1,102,0.436,rr
1,104,0.408,rr
1,106,0.434,rr
1,108,0.422,rr
1,110,0.411,rr
1,112,0.449,rr
1,114,0.391,rr
1,116,0.439,rr
1,118,0.412,rr
1,120,0.414,rr
1,122,0.411,rr
1,124,0.416,rr
1,126,0.408,rr
1,128,0.393,rr
1,130,0.4,rr
1,132,0.393,rr
1,134,0.416,rr
1,136,0.426,rr
1,138,0.383,rr
1,140,0.419,rr
1,142,0.398,rr
1,144,0.419,rr
1,146,0.406,rr
1,148,0.372,rr
1,150,0.44,rr
1,152,0.404,rr
1,154,0.41,rr
1,156,0.425,rr
1,158,0.387,rr
1,160,0.384,rr
1,162,0.404,rr
1,164,0.412,rr
1,166,0.397,rr
1,168,0.372,rr
1,170,0.394,rr
1,172,0.408,rr
1,174,0.379,rr
1,176,0.37,rr
1,178,0.423,rr
1,180,0.378,rr
1,182,0.407,rr
1,184,0.391,rr
1,186,0.414,rr
1,188,0.402,rr
1,190,0.396,rr
1,192,0.413,rr
1,194,0.388,rr
1,196,0.385,rr
1,198,0.424,rr
1,200,0.413,rr
2,4,0.737,rr
2,6,0.621,rr
2,8,0.635,rr
2,10,0.606,rr
2,12,0.602,rr
2,14,0.587,rr
2,16,0.527,rr
2,18,0.558,rr
2,20,0.529,rr
2,22,0.529,rr
2,24,0.532,rr
2,26,0.522,rr
2,28,0.515,rr
2,30,0.509,rr
2,32,0.505,rr
2,34,0.524,rr
2,36,0.557,rr
2,38,0.521,rr
2,40,0.505,rr
2,42,0.532,rr
2,44,0.476,rr
2,46,0.533,rr
2,48,0.549,rr
2,50,0.486,rr
2,52,0.495,rr
2,54,0.487,rr
2,56,0.492,rr
2,58,0.487,rr
2,60,0.502,rr
2,62,0.47,rr
2,64,0.474,rr
2,66,0.478,rr
2,68,0.476,rr
2,70,0.489,rr
2,72,0.497,rr
2,74,0.467,rr
2,76,0.507,rr
2,78,0.46,rr
2,80,0.461,rr
2,82,0.516,rr
2,84,0.524,rr
2,86,0.506,rr
2,88,0.488,rr
2,90,0.474,rr
2,92,0.518,rr
2,94,0.478,rr
2,96,0.48,rr
2,98,0.505,rr
2,100,0.507,rr
2,102,0.466,rr
2,104,0.495,rr
2,106,0.469,rr
2,108,0.507,rr
2,110,0.472,rr
2,112,0.502,rr
2,114,0.436,rr
2,116,0.503,rr
2,118,0.493,rr
2,120,0.498,rr
2,122,0.501,rr
2,124,0.457,rr
2,126,0.466,rr
2,128,0.507,rr
2,130,0.487,rr
2,132,0.51,rr
2,134,0.538,rr
2,136,0.502,rr
2,138,0.5,rr
2,140,0.472,rr
2,142,0.476,rr
2,144,0.518,rr
2,146,0.478,rr
2,148,0.489,rr
2,150,0.469,rr
2,152,0.529,rr
2,154,0.488,rr
2,156,0.5,rr
2,158,0.5,rr
2,160,0.489,rr
2,162,0.472,rr
2,164,0.523,rr
2,166,0.475,rr
2,168,0.483,rr
2,170,0.458,rr
2,172,0.472,rr
2,174,0.49,rr
2,176,0.484,rr
2,178,0.48,rr
2,180,0.493,rr
2,182,0.488,rr
2,184,0.498,rr
2,186,0.475,rr
2,188,0.474,rr
2,190,0.491,rr
2,192,0.474,rr
2,194,0.482,rr
2,196,0.484,rr
2,198,0.465,rr
2,200,0.518,rr
3,6,0.756,rr
3,8,0.701,rr
3,10,0.664,rr
3,12,0.645,rr
3,14,0.647,rr
3,16,0.622,rr
3,18,0.579,rr
3,20,0.633,rr
3,22,0.595,rr
3,24,0.563,rr
3,26,0.542,rr
3,28,0.58,rr
3,30,0.58,rr
3,32,0.558,rr
3,34,0.577,rr
3,36,0.58,rr
3,38,0.556,rr
3,40,0.555,rr
3,42,0.585,rr
3,44,0.579,rr
3,46,0.595,rr
3,48,0.556,rr
3,50,0.586,rr
3,52,0.577,rr
3,54,0.574,rr
3,56,0.541,rr
3,58,0.592,rr
3,60,0.519,rr
3,62,0.584,rr
3,64,0.545,rr
3,66,0.597,rr
3,68,0.584,rr
3,70,0.551,rr
3,72,0.571,rr
3,74,0.561,rr
3,76,0.556,rr
3,78,0.572,rr
3,80,0.543,rr
3,82,0.535,rr
3,84,0.558,rr
3,86,0.509,rr
3,88,0.542,rr
3,90,0.554,rr
3,92,0.524,rr
3,94,0.553,rr
3,96,0.58,rr
3,98,0.53,rr
3,100,0.566,rr
3,102,0.561,rr
3,104,0.563,rr
3,106,0.534,rr
3,108,0.587,rr
3,110,0.532,rr
3,112,0.526,rr
3,114,0.554,rr
3,116,0.527,rr
3,118,0.544,rr
3,120,0.528,rr
3,122,0.552,rr
3,124,0.562,rr
3,126,0.526,rr
3,128,0.509,rr
3,130,0.547,rr
3,132,0.573,rr
3,134,0.543,rr
3,136,0.546,rr
3,138,0.564,rr
3,140,0.536,rr
3,142,0.578,rr
3,144,0.523,rr
3,146,0.574,rr
3,148,0.539,rr
3,150,0.515,rr
3,152,0.541,rr
3,154,0.512,rr
3,156,0.541,rr
3,158,0.536,rr
3,160,0.555,rr
3,162,0.532,rr
3,164,0.539,rr
3,166,0.513,rr
3,168,0.52,rr
3,170,0.533,rr
3,172,0.545,rr
3,174,0.557,rr
3,176,0.529,rr
3,178,0.511,rr
3,180,0.539,rr
3,182,0.552,rr
3,184,0.544,rr
3,186,0.527,rr
3,188,0.557,rr
3,190,0.555,rr
3,192,0.51,rr
3,194,0.54,rr
3,196,0.519,rr
3,198,0.529,rr
3,200,0.534,rr
4,8,0.764,rr
4,10,0.722,rr
4,12,0.71,rr
4,14,0.671,rr
4,16,0.684,rr
4,18,0.694,rr
4,20,0.665,rr
4,22,0.68,rr
4,24,0.676,rr
4,26,0.653,rr
4,28,0.618,rr
4,30,0.639,rr
4,32,0.64,rr
4,34,0.661,rr
4,36,0.611,rr
4,38,0.607,rr
4,40,0.598,rr
4,42,0.613,rr
4,44,0.582,rr
4,46,0.621,rr
4,48,0.612,rr
4,50,0.662,rr
4,52,0.608,rr
4,54,0.605,rr
4,56,0.605,rr
4,58,0.6,rr
4,60,0.612,rr
4,62,0.606,rr
4,64,0.57,rr
4,66,0.634,rr
4,68,0.602,rr
4,70,0.591,rr
4,72,0.615,rr
4,74,0.577,rr
4,76,0.595,rr
4,78,0.576,rr
4,80,0.618,rr
4,82,0.59,rr
4,84,0.591,rr
4,86,0.617,rr
4,88,0.588,rr
4,90,0.61,rr
4,92,0.605,rr
4,94,0.597,rr
4,96,0.589,rr
4,98,0.6,rr
4,100,0.627,rr
4,102,0.609,rr
4,104,0.565,rr
4,106,0.62,rr
4,108,0.58,rr
4,110,0.615,rr
4,112,0.562,rr
4,114,0.571,rr
4,116,0.594,rr
4,118,0.561,rr
4,120,0.577,rr
4,122,0.602,rr
4,124,0.581,rr
4,126,0.595,rr
4,128,0.549,rr
4,130,0.567,rr
4,132,0.575,rr
4,134,0.599,rr
4,136,0.592,rr
4,138,0.599,rr
4,140,0.559,rr
4,142,0.577,rr
4,144,0.577,rr
4,146,0.554,rr
4,148,0.574,rr
4,150,0.544,rr
4,152,0.579,rr
4,154,0.594,rr
4,156,0.548,rr
4,158,0.601,rr
4,160,0.582,rr
4,162,0.544,rr
4,164,0.633,rr
4,166,0.557,rr
4,168,0.573,rr
4,170,0.57,rr
4,172,0.573,rr
4,174,0.599,rr
4,176,0.573,rr
4,178,0.593,rr
4,180,0.615,rr
4,182,0.593,rr
4,184,0.591,rr
4,186,0.583,rr
4,188,0.573,rr
4,190,0.593,rr
4,192,0.567,rr
4,194,0.579,rr
4,196,0.534,rr
4,198,0.58,rr
4,200,0.589,rr
5,10,0.789,rr
5,12,0.752,rr
5,14,0.709,rr
5,16,0.714,rr
5,18,0.685,rr
5,20,0.71,rr
5,22,0.688,rr
5,24,0.64,rr
5,26,0.667,rr
5,28,0.665,rr
5,30,0.704,rr
5,32,0.71,rr
5,34,0.677,rr
5,36,0.676,rr
5,38,0.68,rr
5,40,0.636,rr
5,42,0.665,rr
5,44,0.669,rr
5,46,0.671,rr
5,48,0.622,rr
5,50,0.694,rr
5,52,0.695,rr
5,54,0.686,rr
5,56,0.613,rr
5,58,0.679,rr
5,60,0.588,rr
5,62,0.651,rr
5,64,0.66,rr
5,66,0.645,rr
5,68,0.643,rr
5,70,0.644,rr
5,72,0.648,rr
5,74,0.599,rr
5,76,0.622,rr
5,78,0.626,rr
5,80,0.656,rr
5,82,0.594,rr
5,84,0.63,rr
5,86,0.628,rr
5,88,0.634,rr
5,90,0.648,rr
5,92,0.627,rr
5,94,0.642,rr
5,96,0.647,rr
5,98,0.69,rr
5,100,0.673,rr
5,102,0.578,rr
5,104,0.611,rr
5,106,0.61,rr
5,108,0.628,rr
5,110,0.639,rr
5,112,0.613,rr
5,114,0.615,rr
5,116,0.606,rr
5,118,0.652,rr
5,120,0.618,rr
5,122,0.616,rr
5,124,0.615,rr
5,126,0.618,rr
5,128,0.598,rr
5,130,0.632,rr
5,132,0.621,rr
5,134,0.653,rr
5,136,0.627,rr
5,138,0.625,rr
5,140,0.607,rr
5,142,0.582,rr
5,144,0.59,rr
5,146,0.607,rr
5,148,0.606,rr
5,150,0.634,rr
5,152,0.644,rr
5,154,0.623,rr
5,156,0.62,rr
5,158,0.613,rr
5,160,0.612,rr
5,162,0.611,rr
5,164,0.58,rr
5,166,0.629,rr
5,168,0.617,rr
5,170,0.601,rr
5,172,0.626,rr
5,174,0.604,rr
5,176,0.645,rr
5,178,0.62,rr
5,180,0.615,rr
5,182,0.623,rr
5,184,0.616,rr
5,186,0.598,rr
5,188,0.654,rr
5,190,0.664,rr
5,192,0.616,rr
5,194,0.613,rr
5,196,0.637,rr
5,198,0.577,rr
5,200,0.652,rr
6,12,0.811,rr
6,14,0.78,rr
6,16,0.744,rr
6,18,0.751,rr
6,20,0.752,rr
6,22,0.745,rr
6,24,0.73,rr
6,26,0.726,rr
6,28,0.691,rr
6,30,0.703,rr
6,32,0.69,rr
6,34,0.703,rr
6,36,0.676,rr
6,38,0.702,rr
6,40,0.7,rr
6,42,0.642,rr
6,44,0.656,rr
6,46,0.748,rr
6,48,0.744,rr
6,50,0.681,rr
6,52,0.707,rr
6,54,0.645,rr
6,56,0.669,rr
6,58,0.648,rr
6,60,0.716,rr
6,62,0.679,rr
6,64,0.682,rr
6,66,0.699,rr
6,68,0.683,rr
6,70,0.674,rr
6,72,0.674,rr
6,74,0.685,rr
6,76,0.631,rr
6,78,0.678,rr
6,80,0.634,rr
6,82,0.649,rr
6,84,0.651,rr
6,86,0.696,rr
6,88,0.687,rr
6,90,0.709,rr
6,92,0.654,rr
6,94,0.638,rr
6,96,0.713,rr
6,98,0.665,rr
6,100,0.674,rr
6,102,0.664,rr
6,104,0.717,rr
6,106,0.62,rr
6,108,0.699,rr
6,110,0.651,rr
6,112,0.638,rr
6,114,0.674,rr
6,116,0.663,rr
6,118,0.661,rr
6,120,0.604,rr
6,122,0.614,rr
6,124,0.623,rr
6,126,0.658,rr
6,128,0.648,rr
6,130,0.631,rr
6,132,0.648,rr
6,134,0.679,rr
6,136,0.664,rr
6,138,0.65,rr
6,140,0.661,rr
6,142,0.624,rr
6,144,0.645,rr
6,146,0.687,rr
6,148,0.652,rr
6,150,0.641,rr
6,152,0.632,rr
6,154,0.637,rr
6,156,0.667,rr
6,158,0.652,rr
6,160,0.633,rr
6,162,0.671,rr
6,164,0.635,rr
6,166,0.659,rr
6,168,0.631,rr
6,170,0.643,rr
6,172,0.646,rr
6,174,0.648,rr
6,176,0.621,rr
6,178,0.631,rr
6,180,0.621,rr
6,182,0.637,rr
6,184,0.658,rr
6,186,0.675,rr
6,188,0.66,rr
6,190,0.674,rr
6,192,0.62,rr
6,194,0.677,rr
6,196,0.624,rr
6,198,0.627,rr
6,200,0.64,rr
7,14,0.796,rr
7,16,0.794,rr
7,18,0.768,rr
7,20,0.773,rr
7,22,0.72,rr
7,24,0.729,rr
7,26,0.724,rr
7,28,0.727,rr
7,30,0.733,rr
7,32,0.715,rr
7,34,0.724,rr
7,36,0.702,rr
7,38,0.721,rr
7,40,0.738,rr
7,42,0.714,rr
7,44,0.731,rr
7,46,0.713,rr
7,48,0.659,rr
7,50,0.695,rr
7,52,0.718,rr
7,54,0.692,rr
7,56,0.722,rr
7,58,0.698,rr
7,60,0.726,rr
7,62,0.643,rr
7,64,0.744,rr
7,66,0.686,rr
7,68,0.689,rr
7,70,0.697,rr
7,72,0.699,rr
7,74,0.656,rr
7,76,0.66,rr
7,78,0.73,rr
7,80,0.678,rr
7,82,0.686,rr
7,84,0.67,rr
7,86,0.655,rr
7,88,0.67,rr
7,90,0.71,rr
7,92,0.673,rr
7,94,0.711,rr
7,96,0.659,rr
7,98,0.676,rr
7,100,0.718,rr
7,102,0.686,rr
7,104,0.747,rr
7,106,0.655,rr
7,108,0.701,rr
7,110,0.704,rr
7,112,0.681,rr
7,114,0.686,rr
7,116,0.751,rr
7,118,0.718,rr
7,120,0.668,rr
7,122,0.67,rr
7,124,0.67,rr
7,126,0.672,rr
7,128,0.677,rr
7,130,0.695,rr
7,132,0.671,rr
7,134,0.671,rr
7,136,0.679,rr
7,138,0.686,rr
7,140,0.67,rr
7,142,0.732,rr
7,144,0.668,rr
7,146,0.652,rr
7,148,0.66,rr
7,150,0.642,rr
7,152,0.684,rr
7,154,0.699,rr
7,156,0.677,rr
7,158,0.69,rr
7,160,0.707,rr
7,162,0.686,rr
7,164,0.686,rr
7,166,0.684,rr
7,168,0.671,rr
7,170,0.684,rr
7,172,0.639,rr
7,174,0.669,rr
7,176,0.661,rr
7,178,0.671,rr
7,180,0.705,rr
7,182,0.639,rr
7,184,0.67,rr
7,186,0.652,rr
7,188,0.642,rr
7,190,0.681,rr
7,192,0.69,rr
7,194,0.689,rr
7,196,0.638,rr
7,198,0.647,rr
7,200,0.655,rr
8,16,0.796,rr
8,18,0.798,rr
8,20,0.796,rr
8,22,0.804,rr
8,24,0.776,rr
8,26,0.75,rr
8,28,0.738,rr
8,30,0.716,rr
8,32,0.73,rr
8,34,0.78,rr
8,36,0.751,rr
8,38,0.716,rr
8,40,0.749,rr
8,42,0.75,rr
8,44,0.729,rr
8,46,0.744,rr
8,48,0.725,rr
8,50,0.803,rr
8,52,0.745,rr
8,54,0.772,rr
8,56,0.769,rr
8,58,0.713,rr
8,60,0.761,rr
8,62,0.728,rr
8,64,0.719,rr
8,66,0.732,rr
8,68,0.72,rr
8,70,0.722,rr
8,72,0.726,rr
8,74,0.719,rr
8,76,0.759,rr
8,78,0.68,rr
8,80,0.735,rr
8,82,0.691,rr
8,84,0.803,rr
8,86,0.73,rr
8,88,0.689,rr
8,90,0.706,rr
8,92,0.728,rr
8,94,0.715,rr
8,96,0.687,rr
8,98,0.668,rr
8,100,0.706,rr
8,102,0.725,rr
8,104,0.654,rr
8,106,0.672,rr
8,108,0.671,rr
8,110,0.696,rr
8,112,0.715,rr
8,114,0.733,rr
8,116,0.693,rr
8,118,0.704,rr
8,120,0.686,rr
8,122,0.693,rr
8,124,0.686,rr
8,126,0.736,rr
8,128,0.742,rr
8,130,0.698,rr
8,132,0.693,rr
8,134,0.675,rr
8,136,0.697,rr
8,138,0.669,rr
8,140,0.699,rr
8,142,0.692,rr
8,144,0.708,rr
8,146,0.685,rr
8,148,0.701,rr
8,150,0.7,rr
8,152,0.687,rr
8,154,0.687,rr
8,156,0.66,rr
8,158,0.692,rr
8,160,0.647,rr
8,162,0.706,rr
8,164,0.697,rr
8,166,0.629,rr
8,168,0.64,rr
8,170,0.725,rr
8,172,0.7,rr
8,174,0.7,rr
8,176,0.721,rr
8,178,0.745,rr
8,180,0.683,rr
8,182,0.681,rr
8,184,0.711,rr
8,186,0.705,rr
8,188,0.66,rr
8,190,0.676,rr
8,192,0.68,rr
8,194,0.678,rr
8,196,0.67,rr
8,198,0.666,rr
8,200,0.709,rr
9,18,0.804,rr
9,20,0.816,rr
9,22,0.783,rr
9,24,0.807,rr
9,26,0.799,rr
9,28,0.787,rr
9,30,0.765,rr
9,32,0.753,rr
9,34,0.799,rr
9,36,0.741,rr
9,38,0.752,rr
9,40,0.748,rr
9,42,0.712,rr
9,44,0.779,rr
9,46,0.77,rr
9,48,0.799,rr
9,50,0.794,rr
9,52,0.745,rr
9,54,0.745,rr
9,56,0.774,rr
9,58,0.743,rr
9,60,0.818,rr
9,62,0.715,rr
9,64,0.746,rr
9,66,0.717,rr
9,68,0.805,rr
9,70,0.725,rr
9,72,0.735,rr
9,74,0.73,rr
9,76,0.733,rr
9,78,0.756,rr
9,80,0.741,rr
9,82,0.715,rr
9,84,0.715,rr
9,86,0.732,rr
9,88,0.709,rr
9,90,0.693,rr
9,92,0.704,rr
9,94,0.694,rr
9,96,0.75,rr
9,98,0.673,rr
9,100,0.711,rr
9,102,0.727,rr
9,104,0.72,rr
9,106,0.718,rr
9,108,0.724,rr
9,110,0.766,rr
9,112,0.716,rr
9,114,0.718,rr
9,116,0.716,rr
9,118,0.727,rr
9,120,0.714,rr
9,122,0.735,rr
9,124,0.696,rr
9,126,0.711,rr
9,128,0.701,rr
9,130,0.721,rr
9,132,0.707,rr
9,134,0.728,rr
9,136,0.667,rr
9,138,0.72,rr
9,140,0.692,rr
9,142,0.736,rr
9,144,0.696,rr
9,146,0.708,rr
9,148,0.699,rr
9,150,0.73,rr
9,152,0.743,rr
9,154,0.702,rr
9,156,0.694,rr
9,158,0.759,rr
9,160,0.73,rr
9,162,0.721,rr
9,164,0.738,rr
9,166,0.697,rr
9,168,0.719,rr
9,170,0.736,rr
9,172,0.703,rr
9,174,0.711,rr
9,176,0.724,rr
9,178,0.685,rr
9,180,0.733,rr
9,182,0.713,rr
9,184,0.728,rr
9,186,0.704,rr
9,188,0.729,rr
9,190,0.716,rr
9,192,0.724,rr
9,194,0.724,rr
9,196,0.723,rr
9,198,0.719,rr
9,200,0.711,rr
10,20,0.825,rr
10,22,0.817,rr
10,24,0.832,rr
10,26,0.779,rr
10,28,0.807,rr
10,30,0.781,rr
10,32,0.802,rr
10,34,0.779,rr
10,36,0.804,rr
10,38,0.763,rr
10,40,0.746,rr
10,42,0.743,rr
10,44,0.8,rr
10,46,0.775,rr
10,48,0.757,rr
10,50,0.787,rr
10,52,0.803,rr
10,54,0.757,rr
10,56,0.796,rr
10,58,0.742,rr
10,60,0.764,rr
10,62,0.752,rr
10,64,0.782,rr
10,66,0.721,rr
10,68,0.739,rr
10,70,0.745,rr
10,72,0.755,rr
10,74,0.72,rr
10,76,0.774,rr
10,78,0.773,rr
10,80,0.813,rr
10,82,0.723,rr
10,84,0.752,rr
10,86,0.737,rr
10,88,0.734,rr
10,90,0.756,rr
10,92,0.741,rr
10,94,0.734,rr
10,96,0.744,rr
10,98,0.746,rr
10,100,0.76,rr
10,102,0.734,rr
10,104,0.713,rr
10,106,0.727,rr
10,108,0.73,rr
10,110,0.776,rr
10,112,0.74,rr
10,114,0.703,rr
10,116,0.715,rr
10,118,0.779,rr
10,120,0.773,rr
10,122,0.748,rr
10,124,0.751,rr
10,126,0.739,rr
10,128,0.744,rr
10,130,0.761,rr
10,132,0.783,rr
10,134,0.741,rr
10,136,0.717,rr
10,138,0.731,rr
10,140,0.733,rr
10,142,0.693,rr
10,144,0.697,rr
10,146,0.719,rr
10,148,0.754,rr
10,150,0.709,rr
10,152,0.772,rr
10,154,0.718,rr
10,156,0.712,rr
10,158,0.7,rr
10,160,0.717,rr
10,162,0.769,rr
10,164,0.75,rr
10,166,0.765,rr
10,168,0.735,rr
10,170,0.753,rr
10,172,0.719,rr
10,174,0.708,rr
10,176,0.754,rr
10,178,0.696,rr
10,180,0.739,rr
10,182,0.739,rr
10,184,0.789,rr
10,186,0.729,rr
10,188,0.732,rr
10,190,0.806,rr
10,192,0.731,rr
10,194,0.737,rr
10,196,0.752,rr
10,198,0.712,rr
10,200,0.713,rr
11,22,0.835,rr
11,24,0.863,rr
11,26,0.809,rr
11,28,0.805,rr
11,30,0.78,rr
11,32,0.801,rr
11,34,0.784,rr
11,36,0.796,rr
11,38,0.842,rr
11,40,0.817,rr
11,42,0.795,rr
11,44,0.765,rr
11,46,0.795,rr
11,48,0.766,rr
11,50,0.772,rr
11,52,0.769,rr
11,54,0.742,rr
11,56,0.771,rr
11,58,0.764,rr
11,60,0.733,rr
11,62,0.787,rr
11,64,0.796,rr
11,66,0.758,rr
11,68,0.718,rr
11,70,0.786,rr
11,72,0.768,rr
11,74,0.76,rr
11,76,0.772,rr
11,78,0.807,rr
11,80,0.781,rr
11,82,0.756,rr
11,84,0.767,rr
11,86,0.759,rr
11,88,0.732,rr
11,90,0.801,rr
11,92,0.751,rr
11,94,0.748,rr
11,96,0.775,rr
11,98,0.766,rr
11,100,0.752,rr
11,102,0.753,rr
11,104,0.744,rr
11,106,0.805,rr
11,108,0.769,rr
11,110,0.732,rr
11,112,0.795,rr
11,114,0.771,rr
11,116,0.756,rr
11,118,0.674,rr
11,120,0.739,rr
11,122,0.774,rr
11,124,0.749,rr
11,126,0.735,rr
11,128,0.759,rr
11,130,0.736,rr
11,132,0.755,rr
11,134,0.744,rr
11,136,0.758,rr
11,138,0.745,rr
11,140,0.732,rr
11,142,0.731,rr
11,144,0.763,rr
11,146,0.766,rr
11,148,0.73,rr
11,150,0.732,rr
11,152,0.743,rr
11,154,0.754,rr
11,156,0.737,rr
11,158,0.732,rr
11,160,0.738,rr
11,162,0.724,rr
11,164,0.737,rr
11,166,0.774,rr
11,168,0.763,rr
11,170,0.767,rr
11,172,0.722,rr
11,174,0.709,rr
11,176,0.725,rr
11,178,0.753,rr
11,180,0.716,rr
11,182,0.757,rr
11,184,0.737,rr
11,186,0.749,rr
11,188,0.756,rr
11,190,0.799,rr
11,192,0.744,rr
11,194,0.764,rr
11,196,0.726,rr
11,198,0.749,rr
11,200,0.759,rr
12,24,0.841,rr
12,26,0.847,rr
12,28,0.815,rr
12,30,0.862,rr
12,32,0.858,rr
12,34,0.812,rr
12,36,0.789,rr
12,38,0.803,rr
12,40,0.777,rr
12,42,0.825,rr
12,44,0.823,rr
12,46,0.775,rr
12,48,0.803,rr
12,50,0.845,rr
12,52,0.801,rr
12,54,0.76,rr
12,56,0.827,rr
12,58,0.79,rr
12,60,0.776,rr
12,62,0.846,rr
12,64,0.758,rr
12,66,0.809,rr
12,68,0.782,rr
12,70,0.756,rr
12,72,0.799,rr
12,74,0.718,rr
12,76,0.762,rr
12,78,0.843,rr
12,80,0.766,rr
12,82,0.741,rr
12,84,0.747,rr
12,86,0.756,rr
12,88,0.773,rr
12,90,0.758,rr
12,92,0.801,rr
12,94,0.791,rr
12,96,0.741,rr
12,98,0.784,rr
12,100,0.8,rr
12,102,0.801,rr
12,104,0.754,rr
12,106,0.764,rr
12,108,0.776,rr
12,110,0.782,rr
12,112,0.792,rr
12,114,0.712,rr
12,116,0.746,rr
12,118,0.708,rr
12,120,0.749,rr
12,122,0.754,rr
12,124,0.779,rr
12,126,0.774,rr
12,128,0.759,rr
12,130,0.767,rr
12,132,0.764,rr
12,134,0.782,rr
12,136,0.77,rr
12,138,0.796,rr
12,140,0.734,rr
12,142,0.753,rr
12,144,0.732,rr
12,146,0.811,rr
12,148,0.794,rr
12,150,0.749,rr
12,152,0.784,rr
12,154,0.758,rr
12,156,0.718,rr
12,158,0.751,rr
12,160,0.757,rr
12,162,0.787,rr
12,164,0.772,rr
12,166,0.758,rr
12,168,0.822,rr
12,170,0.79,rr
12,172,0.745,rr
12,174,0.75,rr
12,176,0.777,rr
12,178,0.751,rr
12,180,0.793,rr
12,182,0.757,rr
12,184,0.775,rr
12,186,0.743,rr
12,188,0.751,rr
12,190,0.779,rr
12,192,0.76,rr
12,194,0.774,rr
12,196,0.723,rr
12,198,0.768,rr
12,200,0.73,rr
13,26,0.847,rr
13,28,0.858,rr
13,30,0.782,rr
13,32,0.816,rr
13,34,0.837,rr
13,36,0.81,rr
13,38,0.808,rr
13,40,0.797,rr
13,42,0.804,rr
13,44,0.859,rr
13,46,0.86,rr
13,48,0.815,rr
13,50,0.885,rr
13,52,0.814,rr
13,54,0.784,rr
13,56,0.786,rr
13,58,0.768,rr
13,60,0.811,rr
13,62,0.776,rr
13,64,0.805,rr
13,66,0.799,rr
13,68,0.815,rr
13,70,0.79,rr
13,72,0.824,rr
13,74,0.861,rr
13,76,0.846,rr
13,78,0.766,rr
13,80,0.778,rr
13,82,0.757,rr
13,84,0.79,rr
13,86,0.784,rr
13,88,0.777,rr
13,90,0.836,rr
13,92,0.787,rr
13,94,0.796,rr
13,96,0.783,rr
13,98,0.776,rr
13,100,0.78,rr
13,102,0.728,rr
13,104,0.751,rr
13,106,0.743,rr
13,108,0.753,rr
13,110,0.761,rr
13,112,0.756,rr
13,114,0.748,rr
13,116,0.771,rr
13,118,0.771,rr
13,120,0.786,rr
13,122,0.774,rr
13,124,0.785,rr
13,126,0.794,rr
13,128,0.758,rr
13,130,0.705,rr
13,132,0.735,rr
13,134,0.805,rr
13,136,0.789,rr
13,138,0.755,rr
13,140,0.749,rr
13,142,0.825,rr
13,144,0.775,rr
13,146,0.745,rr
13,148,0.807,rr
13,150,0.774,rr
13,152,0.804,rr
13,154,0.799,rr
13,156,0.767,rr
13,158,0.766,rr
13,160,0.799,rr
13,162,0.788,rr
13,164,0.783,rr
13,166,0.757,rr
13,168,0.817,rr
13,170,0.733,rr
13,172,0.811,rr
13,174,0.788,rr
13,176,0.781,rr
13,178,0.808,rr
13,180,0.786,rr
13,182,0.789,rr
13,184,0.762,rr
13,186,0.764,rr
13,188,0.759,rr
13,190,0.779,rr
13,192,0.813,rr
13,194,0.753,rr
13,196,0.777,rr
13,198,0.747,rr
13,200,0.736,rr
14,28,0.901,rr
14,30,0.837,rr
14,32,0.813,rr
14,34,0.857,rr
14,36,0.831,rr
14,38,0.841,rr
14,40,0.892,rr
14,42,0.851,rr
14,44,0.793,rr
14,46,0.836,rr
14,48,0.839,rr
14,50,0.835,rr
14,52,0.809,rr
14,54,0.838,rr
14,56,0.826,rr
14,58,0.807,rr
14,60,0.818,rr
14,62,0.873,rr
14,64,0.829,rr
14,66,0.851,rr
14,68,0.825,rr
14,70,0.779,rr
14,72,0.837,rr
14,74,0.807,rr
14,76,0.791,rr
14,78,0.806,rr
14,80,0.848,rr
14,82,0.83,rr
14,84,0.791,rr
14,86,0.809,rr
14,88,0.793,rr
14,90,0.766,rr
14,92,0.817,rr
14,94,0.798,rr
14,96,0.823,rr
14,98,0.814,rr
14,100,0.825,rr
14,102,0.782,rr
14,104,0.79,rr
14,106,0.767,rr
14,108,0.803,rr
14,110,0.819,rr
14,112,0.838,rr
14,114,0.778,rr
14,116,0.796,rr
14,118,0.785,rr
14,120,0.785,rr
14,122,0.818,rr
14,124,0.776,rr
14,126,0.783,rr
14,128,0.752,rr
14,130,0.775,rr
14,132,0.78,rr
14,134,0.782,rr
14,136,0.827,rr
14,138,0.755,rr
14,140,0.781,rr
14,142,0.764,rr
14,144,0.797,rr
14,146,0.784,rr
14,148,0.799,rr
14,150,0.757,rr
14,152,0.734,rr
14,154,0.779,rr
14,156,0.771,rr
14,158,0.777,rr
14,160,0.747,rr
14,162,0.788,rr
14,164,0.789,rr
14,166,0.812,rr
14,168,0.805,rr
14,170,0.806,rr
14,172,0.786,rr
14,174,0.744,rr
14,176,0.81,rr
14,178,0.755,rr
14,180,0.779,rr
14,182,0.768,rr
14,184,0.754,rr
14,186,0.777,rr
14,188,0.778,rr
14,190,0.789,rr
14,192,0.776,rr
14,194,0.791,rr
14,196,0.806,rr
14,198,0.747,rr
14,200,0.79,rr
15,30,0.887,rr
15,32,0.867,rr
15,34,0.867,rr
15,36,0.861,rr
15,38,0.84,rr
15,40,0.885,rr
15,42,0.877,rr
15,44,0.87,rr
15,46,0.798,rr
15,48,0.824,rr
15,50,0.825,rr
15,52,0.852,rr
15,54,0.846,rr
15,56,0.886,rr
15,58,0.804,rr
15,60,0.812,rr
15,62,0.822,rr
15,64,0.827,rr
15,66,0.797,rr
15,68,0.856,rr
15,70,0.795,rr
15,72,0.826,rr
15,74,0.806,rr
15,76,0.811,rr
15,78,0.843,rr
15,80,0.789,rr
15,82,0.854,rr
15,84,0.783,rr
15,86,0.769,rr
15,88,0.821,rr
15,90,0.762,rr
15,92,0.793,rr
15,94,0.77,rr
15,96,0.809,rr
15,98,0.796,rr
15,100,0.781,rr
15,102,0.765,rr
15,104,0.847,rr
15,106,0.774,rr
15,108,0.822,rr
15,110,0.792,rr
15,112,0.814,rr
15,114,0.808,rr
15,116,0.794,rr
15,118,0.828,rr
15,120,0.801,rr
15,122,0.859,rr
15,124,0.812,rr
15,126,0.806,rr
15,128,0.791,rr
15,130,0.799,rr
15,132,0.806,rr
15,134,0.796,rr
15,136,0.77,rr
15,138,0.769,rr
15,140,0.794,rr
15,142,0.796,rr
15,144,0.804,rr
15,146,0.801,rr
15,148,0.772,rr
15,150,0.822,rr
15,152,0.744,rr
15,154,0.797,rr
15,156,0.767,rr
15,158,0.781,rr
15,160,0.804,rr
15,162,0.803,rr
15,164,0.811,rr
15,166,0.806,rr
15,168,0.799,rr
15,170,0.792,rr
15,172,0.796,rr
15,174,0.785,rr
15,176,0.797,rr
15,178,0.766,rr
15,180,0.795,rr
15,182,0.781,rr
15,184,0.733,rr
15,186,0.769,rr
15,188,0.846,rr
15,190,0.787,rr
15,192,0.788,rr
15,194,0.774,rr
15,196,0.779,rr
15,198,0.727,rr
15,200,0.834,rr
16,32,0.865,rr
16,34,0.887,rr
16,36,0.851,rr
16,38,0.857,rr
16,40,0.908,rr
16,42,0.879,rr
16,44,0.856,rr
16,46,0.792,rr
16,48,0.818,rr
16,50,0.867,rr
16,52,0.862,rr
16,54,0.864,rr
16,56,0.881,rr
16,58,0.876,rr
16,60,0.834,rr
16,62,0.792,rr
16,64,0.911,rr
16,66,0.8,rr
16,68,0.844,rr
16,70,0.811,rr
16,72,0.817,rr
16,74,0.9,rr
16,76,0.812,rr
16,78,0.805,rr
16,80,0.844,rr
16,82,0.85,rr
16,84,0.834,rr
16,86,0.84,rr
16,88,0.841,rr
16,90,0.797,rr
16,92,0.801,rr
16,94,0.847,rr
16,96,0.828,rr
16,98,0.828,rr
16,100,0.816,rr
16,102,0.816,rr
16,104,0.777,rr
16,106,0.798,rr
16,108,0.804,rr
16,110,0.79,rr
16,112,0.779,rr
16,114,0.756,rr
16,116,0.815,rr
16,118,0.806,rr
16,120,0.824,rr
16,122,0.781,rr
16,124,0.818,rr
16,126,0.756,rr
16,128,0.8,rr
16,130,0.815,rr
16,132,0.792,rr
16,134,0.787,rr
16,136,0.792,rr
16,138,0.802,rr
16,140,0.827,rr
16,142,0.85,rr
16,144,0.796,rr
16,146,0.819,rr
16,148,0.832,rr
16,150,0.819,rr
16,152,0.832,rr
16,154,0.808,rr
16,156,0.786,rr
16,158,0.785,rr
16,160,0.789,rr
16,162,0.82,rr
16,164,0.832,rr
16,166,0.77,rr
16,168,0.823,rr
16,170,0.873,rr
16,172,0.799,rr
16,174,0.828,rr
16,176,0.819,rr
16,178,0.856,rr
16,180,0.803,rr
16,182,0.841,rr
16,184,0.782,rr
16,186,0.793,rr
16,188,0.786,rr
16,190,0.767,rr
16,192,0.801,rr
16,194,0.811,rr
16,196,0.796,rr
16,198,0.808,rr
16,200,0.803,rr
17,34,0.859,rr
17,36,0.853,rr
17,38,0.847,rr
17,40,0.814,rr
17,42,0.875,rr
17,44,0.847,rr
17,46,0.898,rr
17,48,0.85,rr
17,50,0.869,rr
17,52,0.889,rr
17,54,0.883,rr
17,56,0.836,rr
17,58,0.865,rr
17,60,0.812,rr
17,62,0.885,rr
17,64,0.832,rr
17,66,0.796,rr
17,68,0.831,rr
17,70,0.839,rr
17,72,0.845,rr
17,74,0.786,rr
17,76,0.808,rr
17,78,0.847,rr
17,80,0.812,rr
17,82,0.818,rr
17,84,0.898,rr
17,86,0.832,rr
17,88,0.835,rr
17,90,0.79,rr
17,92,0.846,rr
17,94,0.772,rr
17,96,0.799,rr
17,98,0.78,rr
17,100,0.826,rr
17,102,0.849,rr
17,104,0.801,rr
17,106,0.793,rr
17,108,0.86,rr
17,110,0.838,rr
17,112,0.849,rr
17,114,0.839,rr
17,116,0.821,rr
17,118,0.764,rr
17,120,0.798,rr
17,122,0.789,rr
17,124,0.819,rr
17,126,0.789,rr
17,128,0.793,rr
17,130,0.826,rr
17,132,0.827,rr
17,134,0.786,rr
17,136,0.812,rr
17,138,0.819,rr
17,140,0.842,rr
17,142,0.828,rr
17,144,0.796,rr
17,146,0.773,rr
17,148,0.835,rr
17,150,0.807,rr
17,152,0.796,rr
17,154,0.777,rr
17,156,0.84,rr
17,158,0.799,rr
17,160,0.775,rr
17,162,0.844,rr
17,164,0.816,rr
17,166,0.794,rr
17,168,0.777,rr
17,170,0.822,rr
17,172,0.803,rr
17,174,0.77,rr
17,176,0.81,rr
17,178,0.829,rr
17,180,0.788,rr
17,182,0.791,rr
17,184,0.793,rr
17,186,0.777,rr
17,188,0.784,rr
17,190,0.78,rr
17,192,0.778,rr
17,194,0.781,rr
17,196,0.802,rr
17,198,0.789,rr
17,200,0.791,rr
18,36,0.884,rr
18,38,0.863,rr
18,40,0.906,rr
18,42,0.841,rr
18,44,0.883,rr
18,46,0.848,rr
18,48,0.826,rr
18,50,0.85,rr
18,52,0.858,rr
18,54,0.86,rr
18,56,0.852,rr
18,58,0.827,rr
18,60,0.835,rr
18,62,0.86,rr
18,64,0.906,rr
18,66,0.892,rr
18,68,0.86,rr
18,70,0.841,rr
18,72,0.823,rr
18,74,0.801,rr
18,76,0.853,rr
18,78,0.829,rr
18,80,0.844,rr
18,82,0.837,rr
18,84,0.837,rr
18,86,0.874,rr
18,88,0.803,rr
18,90,0.822,rr
18,92,0.82,rr
18,94,0.818,rr
18,96,0.835,rr
18,98,0.856,rr
18,100,0.835,rr
18,102,0.861,rr
18,104,0.815,rr
18,106,0.785,rr
18,108,0.82,rr
18,110,0.833,rr
18,112,0.809,rr
18,114,0.848,rr
18,116,0.827,rr
18,118,0.813,rr
18,120,0.788,rr
18,122,0.85,rr
18,124,0.825,rr
18,126,0.866,rr
18,128,0.807,rr
18,130,0.833,rr
18,132,0.815,rr
18,134,0.833,rr
18,136,0.799,rr
18,138,0.821,rr
18,140,0.854,rr
18,142,0.817,rr
18,144,0.837,rr
18,146,0.825,rr
18,148,0.848,rr
18,150,0.804,rr
18,152,0.858,rr
18,154,0.789,rr
18,156,0.793,rr
18,158,0.751,rr
18,160,0.834,rr
18,162,0.773,rr
18,164,0.802,rr
18,166,0.799,rr
18,168,0.786,rr
18,170,0.827,rr
18,172,0.803,rr
18,174,0.798,rr
18,176,0.885,rr
18,178,0.828,rr
18,180,0.834,rr
18,182,0.78,rr
18,184,0.829,rr
18,186,0.79,rr
18,188,0.778,rr
18,190,0.823,rr
18,192,0.821,rr
18,194,0.796,rr
18,196,0.807,rr
18,198,0.795,rr
18,200,0.804,rr
19,38,0.868,rr
19,40,0.907,rr
19,42,0.851,rr
19,44,0.857,rr
19,46,0.883,rr
19,48,0.852,rr
19,50,0.844,rr
19,52,0.908,rr
19,54,0.875,rr
19,56,0.871,rr
19,58,0.899,rr
19,60,0.834,rr
19,62,0.844,rr
19,64,0.828,rr
19,66,0.858,rr
19,68,0.867,rr
19,70,0.822,rr
19,72,0.885,rr
19,74,0.848,rr
19,76,0.835,rr
19,78,0.847,rr
19,80,0.823,rr
19,82,0.873,rr
19,84,0.881,rr
19,86,0.832,rr
19,88,0.836,rr
19,90,0.83,rr
19,92,0.838,rr
19,94,0.826,rr
19,96,0.848,rr
19,98,0.804,rr
19,100,0.827,rr
19,102,0.839,rr
19,104,0.839,rr
19,106,0.805,rr
19,108,0.818,rr
19,110,0.864,rr
19,112,0.844,rr
19,114,0.827,rr
19,116,0.791,rr
19,118,0.794,rr
19,120,0.827,rr
19,122,0.839,rr
19,124,0.822,rr
19,126,0.813,rr
19,128,0.822,rr
19,130,0.81,rr
19,132,0.846,rr
19,134,0.815,rr
19,136,0.822,rr
19,138,0.807,rr
19,140,0.811,rr
19,142,0.827,rr
19,144,0.83,rr
19,146,0.815,rr
19,148,0.78,rr
19,150,0.858,rr
19,152,0.83,rr
19,154,0.831,rr
19,156,0.795,rr
19,158,0.789,rr
19,160,0.804,rr
19,162,0.82,rr
19,164,0.861,rr
19,166,0.782,rr
19,168,0.783,rr
19,170,0.881,rr
19,172,0.812,rr
19,174,0.799,rr
19,176,0.83,rr
19,178,0.878,rr
19,180,0.809,rr
19,182,0.849,rr
19,184,0.831,rr
19,186,0.865,rr
19,188,0.809,rr
19,190,0.801,rr
19,192,0.832,rr
19,194,0.805,rr
19,196,0.821,rr
19,198,0.823,rr
19,200,0.833,rr
20,40,0.89,rr
20,42,0.849,rr
20,44,0.85,rr
20,46,0.864,rr
20,48,0.868,rr
20,50,0.874,rr
20,52,0.841,rr
20,54,0.873,rr
20,56,0.846,rr
20,58,0.884,rr
20,60,0.895,rr
20,62,0.839,rr
20,64,0.856,rr
20,66,0.859,rr
20,68,0.823,rr
20,70,0.827,rr
20,72,0.862,rr
20,74,0.86,rr
20,76,0.913,rr
20,78,0.903,rr
20,80,0.864,rr
20,82,0.839,rr
20,84,0.849,rr
20,86,0.862,rr
20,88,0.827,rr
20,90,0.834,rr
20,92,0.818,rr
20,94,0.856,rr
20,96,0.815,rr
20,98,0.848,rr
20,100,0.837,rr
20,102,0.845,rr
20,104,0.853,rr
20,106,0.844,rr
20,108,0.896,rr
20,110,0.837,rr
20,112,0.854,rr
20,114,0.847,rr
20,116,0.859,rr
20,118,0.858,rr
20,120,0.83,rr
20,122,0.806,rr
20,124,0.804,rr
20,126,0.83,rr
20,128,0.829,rr
20,130,0.865,rr
20,132,0.849,rr
20,134,0.8,rr
20,136,0.841,rr
20,138,0.827,rr
20,140,0.834,rr
20,142,0.824,rr
20,144,0.867,rr
20,146,0.828,rr
20,148,0.855,rr
20,150,0.8,rr
20,152,0.808,rr
20,154,0.826,rr
20,156,0.817,rr
20,158,0.839,rr
20,160,0.841,rr
20,162,0.813,rr
20,164,0.85,rr
20,166,0.794,rr
20,168,0.832,rr
20,170,0.823,rr
20,172,0.841,rr
20,174,0.79,rr
20,176,0.831,rr
20,178,0.804,rr
20,180,0.86,rr
20,182,0.807,rr
20,184,0.821,rr
20,186,0.82,rr
20,188,0.783,rr
20,190,0.787,rr
20,192,0.834,rr
20,194,0.846,rr
20,196,0.819,rr
20,198,0.849,rr
20,200,0.793,rr
21,42,0.927,rr
21,44,0.889,rr
21,46,0.895,rr
21,48,0.893,rr
21,50,0.838,rr
21,52,0.857,rr
21,54,0.931,rr
21,56,0.891,rr
21,58,0.871,rr
21,60,0.882,rr
21,62,0.828,rr
21,64,0.886,rr
21,66,0.86,rr
21,68,0.858,rr
21,70,0.825,rr
21,72,0.832,rr
21,74,0.809,rr
21,76,0.893,rr
21,78,0.845,rr
21,80,0.837,rr
21,82,0.827,rr
21,84,0.813,rr
21,86,0.869,rr
21,88,0.83,rr
21,90,0.872,rr
21,92,0.81,rr
21,94,0.846,rr
21,96,0.816,rr
21,98,0.847,rr
21,100,0.786,rr
21,102,0.898,rr
21,104,0.859,rr
21,106,0.854,rr
21,108,0.813,rr
21,110,0.868,rr
21,112,0.864,rr
21,114,0.831,rr
21,116,0.822,rr
21,118,0.823,rr
21,120,0.873,rr
21,122,0.847,rr
21,124,0.864,rr
21,126,0.866,rr
21,128,0.878,rr
21,130,0.857,rr
21,132,0.829,rr
21,134,0.823,rr
21,136,0.839,rr
21,138,0.802,rr
21,140,0.847,rr
21,142,0.832,rr
21,144,0.877,rr
21,146,0.819,rr
21,148,0.862,rr
21,150,0.808,rr
21,152,0.801,rr
21,154,0.836,rr
21,156,0.872,rr
21,158,0.809,rr
21,160,0.819,rr
21,162,0.884,rr
21,164,0.805,rr
21,166,0.831,rr
21,168,0.805,rr
21,170,0.837,rr
21,172,0.838,rr
21,174,0.861,rr
21,176,0.868,rr
21,178,0.832,rr
21,180,0.881,rr
21,182,0.83,rr
21,184,0.831,rr
21,186,0.818,rr
21,188,0.777,rr
21,190,0.809,rr
21,192,0.829,rr
21,194,0.848,rr
21,196,0.797,rr
21,198,0.823,rr
21,200,0.826,rr
22,44,0.884,rr
22,46,0.903,rr
22,48,0.871,rr
22,50,0.882,rr
22,52,0.874,rr
22,54,0.91,rr
22,56,0.875,rr
22,58,0.94,rr
22,60,0.864,rr
22,62,0.857,rr
22,64,0.859,rr
22,66,0.858,rr
22,68,0.817,rr
22,70,0.891,rr
22,72,0.894,rr
22,74,0.861,rr
22,76,0.815,rr
22,78,0.893,rr
22,80,0.872,rr
22,82,0.89,rr
22,84,0.861,rr
22,86,0.88,rr
22,88,0.85,rr
22,90,0.83,rr
22,92,0.871,rr
22,94,0.867,rr
22,96,0.886,rr
22,98,0.795,rr
22,100,0.859,rr
22,102,0.899,rr
22,104,0.852,rr
22,106,0.875,rr
22,108,0.84,rr
22,110,0.839,rr
22,112,0.836,rr
22,114,0.83,rr
22,116,0.873,rr
22,118,0.864,rr
22,120,0.825,rr
22,122,0.846,rr
22,124,0.871,rr
22,126,0.834,rr
22,128,0.872,rr
22,130,0.876,rr
22,132,0.898,rr
22,134,0.809,rr
22,136,0.796,rr
22,138,0.848,rr
22,140,0.814,rr
22,142,0.813,rr
22,144,0.854,rr
22,146,0.823,rr
22,148,0.829,rr
22,150,0.836,rr
22,152,0.828,rr
22,154,0.828,rr
22,156,0.832,rr
22,158,0.822,rr
22,160,0.855,rr
22,162,0.881,rr
22,164,0.849,rr
22,166,0.807,rr
22,168,0.813,rr
22,170,0.818,rr
22,172,0.85,rr
22,174,0.874,rr
22,176,0.838,rr
22,178,0.891,rr
22,180,0.821,rr
22,182,0.863,rr
22,184,0.808,rr
22,186,0.885,rr
22,188,0.846,rr
22,190,0.873,rr
22,192,0.822,rr
22,194,0.862,rr
22,196,0.844,rr
22,198,0.837,rr
22,200,0.818,rr
23,46,0.914,rr
23,48,0.918,rr
23,50,0.938,rr
23,52,0.899,rr
23,54,0.85,rr
23,56,0.893,rr
23,58,0.833,rr
23,60,0.881,rr
23,62,0.833,rr
23,64,0.842,rr
23,66,0.914,rr
23,68,0.895,rr
23,70,0.894,rr
23,72,0.882,rr
23,74,0.892,rr
23,76,0.834,rr
23,78,0.861,rr
23,80,0.824,rr
23,82,0.874,rr
23,84,0.89,rr
23,86,0.838,rr
23,88,0.863,rr
23,90,0.853,rr
23,92,0.876,rr
23,94,0.888,rr
23,96,0.857,rr
23,98,0.835,rr
23,100,0.879,rr
23,102,0.854,rr
23,104,0.854,rr
23,106,0.836,rr
23,108,0.87,rr
23,110,0.87,rr
23,112,0.833,rr
23,114,0.828,rr
23,116,0.878,rr
23,118,0.83,rr
23,120,0.799,rr
23,122,0.827,rr
23,124,0.882,rr
23,126,0.805,rr
23,128,0.863,rr
23,130,0.875,rr
23,132,0.841,rr
23,134,0.849,rr
23,136,0.826,rr
23,138,0.861,rr
23,140,0.859,rr
23,142,0.869,rr
23,144,0.844,rr
23,146,0.829,rr
23,148,0.846,rr
23,150,0.824,rr
23,152,0.858,rr
23,154,0.867,rr
23,156,0.846,rr
23,158,0.776,rr
23,160,0.827,rr
23,162,0.827,rr
23,164,0.825,rr
23,166,0.878,rr
23,168,0.849,rr
23,170,0.865,rr
23,172,0.817,rr
23,174,0.808,rr
23,176,0.807,rr
23,178,0.845,rr
23,180,0.853,rr
23,182,0.867,rr
23,184,0.861,rr
23,186,0.786,rr
23,188,0.838,rr
23,190,0.838,rr
23,192,0.827,rr
23,194,0.834,rr
23,196,0.839,rr
23,198,0.872,rr
23,200,0.819,rr
24,48,0.903,rr
24,50,0.869,rr
24,52,0.902,rr
24,54,0.918,rr
24,56,0.917,rr
24,58,0.859,rr
24,60,0.869,rr
24,62,0.869,rr
24,64,0.902,rr
24,66,0.876,rr
24,68,0.839,rr
24,70,0.863,rr
24,72,0.905,rr
24,74,0.845,rr
24,76,0.836,rr
24,78,0.911,rr
24,80,0.832,rr
24,82,0.838,rr
24,84,0.871,rr
24,86,0.868,rr
24,88,0.88,rr
24,90,0.846,rr
24,92,0.841,rr
24,94,0.846,rr
24,96,0.821,rr
24,98,0.857,rr
24,100,0.838,rr
24,102,0.831,rr
24,104,0.878,rr
24,106,0.813,rr
24,108,0.89,rr
24,110,0.898,rr
24,112,0.85,rr
24,114,0.829,rr
24,116,0.885,rr
24,118,0.862,rr
24,120,0.857,rr
24,122,0.839,rr
24,124,0.865,rr
24,126,0.818,rr
24,128,0.869,rr
24,130,0.828,rr
24,132,0.911,rr
24,134,0.831,rr
24,136,0.844,rr
24,138,0.835,rr
24,140,0.869,rr
24,142,0.838,rr
24,144,0.816,rr
24,146,0.886,rr
24,148,0.891,rr
24,150,0.791,rr
24,152,0.869,rr
24,154,0.859,rr
24,156,0.821,rr
24,158,0.854,rr
24,160,0.862,rr
24,162,0.862,rr
24,164,0.87,rr
24,166,0.829,rr
24,168,0.846,rr
24,170,0.863,rr
24,172,0.863,rr
24,174,0.864,rr
24,176,0.857,rr
24,178,0.833,rr
24,180,0.9,rr
24,182,0.828,rr
24,184,0.845,rr
24,186,0.854,rr
24,188,0.867,rr
24,190,0.864,rr
24,192,0.908,rr
24,194,0.845,rr
24,196,0.787,rr
24,198,0.846,rr
24,200,0.84,rr
25,50,0.929,rr
25,52,0.917,rr
25,54,0.884,rr
25,56,0.878,rr
25,58,0.923,rr
25,60,0.873,rr
25,62,0.866,rr
25,64,0.911,rr
25,66,0.925,rr
25,68,0.869,rr
25,70,0.9,rr
25,72,0.836,rr
25,74,0.879,rr
25,76,0.864,rr
25,78,0.882,rr
25,80,0.903,rr
25,82,0.856,rr
25,84,0.89,rr
25,86,0.899,rr
25,88,0.857,rr
25,90,0.888,rr
25,92,0.907,rr
25,94,0.807,rr
25,96,0.874,rr
25,98,0.822,rr
25,100,0.851,rr
25,102,0.859,rr
25,104,0.867,rr
25,106,0.864,rr
25,108,0.869,rr
25,110,0.852,rr
25,112,0.83,rr
25,114,0.878,rr
25,116,0.85,rr
25,118,0.888,rr
25,120,0.837,rr
25,122,0.851,rr
25,124,0.851,rr
25,126,0.876,rr
25,128,0.846,rr
25,130,0.843,rr
25,132,0.823,rr
25,134,0.886,rr
25,136,0.837,rr
25,138,0.918,rr
25,140,0.861,rr
25,142,0.851,rr
25,144,0.857,rr
25,146,0.889,rr
25,148,0.835,rr
25,150,0.853,rr
25,152,0.844,rr
25,154,0.86,rr
25,156,0.877,rr
25,158,0.849,rr
25,160,0.838,rr
25,162,0.855,rr
25,164,0.873,rr
25,166,0.864,rr
25,168,0.814,rr
25,170,0.834,rr
25,172,0.852,rr
25,174,0.852,rr
25,176,0.878,rr
25,178,0.817,rr
25,180,0.847,rr
25,182,0.824,rr
25,184,0.862,rr
25,186,0.84,rr
25,188,0.868,rr
25,190,0.861,rr
25,192,0.848,rr
25,194,0.882,rr
25,196,0.793,rr
25,198,0.829,rr
25,200,0.835,rr
26,52,0.968,rr
26,54,0.911,rr
26,56,0.914,rr
26,58,0.902,rr
26,60,0.87,rr
26,62,0.879,rr
26,64,0.891,rr
26,66,0.947,rr
26,68,0.909,rr
26,70,0.892,rr
26,72,0.898,rr
26,74,0.876,rr
26,76,0.905,rr
26,78,0.87,rr
26,80,0.867,rr
26,82,0.866,rr
26,84,0.858,rr
26,86,0.894,rr
26,88,0.884,rr
26,90,0.91,rr
26,92,0.847,rr
26,94,0.871,rr
26,96,0.85,rr
26,98,0.91,rr
26,100,0.808,rr
26,102,0.86,rr
26,104,0.907,rr
26,106,0.917,rr
26,108,0.855,rr
26,110,0.923,rr
26,112,0.866,rr
26,114,0.892,rr
26,116,0.873,rr
26,118,0.917,rr
26,120,0.899,rr
26,122,0.876,rr
26,124,0.864,rr
26,126,0.864,rr
26,128,0.878,rr
26,130,0.843,rr
26,132,0.88,rr
26,134,0.856,rr
26,136,0.899,rr
26,138,0.855,rr
26,140,0.843,rr
26,142,0.856,rr
26,144,0.812,rr
26,146,0.862,rr
26,148,0.821,rr
26,150,0.84,rr
26,152,0.851,rr
26,154,0.829,rr
26,156,0.851,rr
26,158,0.898,rr
26,160,0.886,rr
26,162,0.854,rr
26,164,0.874,rr
26,166,0.836,rr
26,168,0.896,rr
26,170,0.886,rr
26,172,0.832,rr
26,174,0.815,rr
26,176,0.838,rr
26,178,0.905,rr
26,180,0.807,rr
26,182,0.811,rr
26,184,0.851,rr
26,186,0.858,rr
26,188,0.821,rr
26,190,0.821,rr
26,192,0.833,rr
26,194,0.83,rr
26,196,0.854,rr
26,198,0.851,rr
26,200,0.847,rr
27,54,0.921,rr
27,56,0.898,rr
27,58,0.844,rr
27,60,0.901,rr
27,62,0.891,rr
27,64,0.908,rr
27,66,0.865,rr
27,68,0.884,rr
27,70,0.874,rr
27,72,0.872,rr
27,74,0.854,rr
27,76,0.899,rr
27,78,0.847,rr
27,80,0.894,rr
27,82,0.897,rr
27,84,0.865,rr
27,86,0.887,rr
27,88,0.883,rr
27,90,0.914,rr
27,92,0.886,rr
27,94,0.877,rr
27,96,0.873,rr
27,98,0.857,rr
27,100,0.884,rr
27,102,0.873,rr
27,104,0.844,rr
27,106,0.888,rr
27,108,0.841,rr
27,110,0.875,rr
27,112,0.898,rr
27,114,0.892,rr
27,116,0.876,rr
27,118,0.883,rr
27,120,0.852,rr
27,122,0.836,rr
27,124,0.844,rr
27,126,0.889,rr
27,128,0.868,rr
27,130,0.87,rr
27,132,0.811,rr
27,134,0.937,rr
27,136,0.904,rr
27,138,0.842,rr
27,140,0.859,rr
27,142,0.937,rr
27,144,0.916,rr
27,146,0.851,rr
27,148,0.81,rr
27,150,0.867,rr
27,152,0.893,rr
27,154,0.868,rr
27,156,0.86,rr
27,158,0.818,rr
27,160,0.849,rr
27,162,0.899,rr
27,164,0.845,rr
27,166,0.864,rr
27,168,0.883,rr
27,170,0.877,rr
27,172,0.908,rr
27,174,0.848,rr
27,176,0.855,rr
27,178,0.845,rr
27,180,0.86,rr
27,182,0.858,rr
27,184,0.854,rr
27,186,0.912,rr
27,188,0.898,rr
27,190,0.82,rr
27,192,0.875,rr
27,194,0.816,rr
27,196,0.825,rr
27,198,0.827,rr
27,200,0.838,rr
28,56,0.895,rr
28,58,0.943,rr
28,60,0.917,rr
28,62,0.904,rr
28,64,0.906,rr
28,66,0.864,rr
28,68,0.919,rr
28,70,0.883,rr
28,72,0.894,rr
28,74,0.882,rr
28,76,0.906,rr
28,78,0.891,rr
28,80,0.915,rr
28,82,0.94,rr
28,84,0.872,rr
28,86,0.859,rr
28,88,0.928,rr
28,90,0.89,rr
28,92,0.851,rr
28,94,0.884,rr
28,96,0.867,rr
28,98,0.939,rr
28,100,0.891,rr
28,102,0.899,rr
28,104,0.897,rr
28,106,0.893,rr
28,108,0.845,rr
28,110,0.867,rr
28,112,0.884,rr
28,114,0.843,rr
28,116,0.858,rr
28,118,0.872,rr
28,120,0.861,rr
28,122,0.878,rr
28,124,0.917,rr
28,126,0.838,rr
28,128,0.853,rr
28,130,0.847,rr
28,132,0.837,rr
28,134,0.867,rr
28,136,0.881,rr
28,138,0.856,rr
28,140,0.882,rr
28,142,0.913,rr
28,144,0.857,rr
28,146,0.811,rr
28,148,0.804,rr
28,150,0.905,rr
28,152,0.908,rr
28,154,0.872,rr
28,156,0.856,rr
28,158,0.791,rr
28,160,0.88,rr
28,162,0.84,rr
28,164,0.894,rr
28,166,0.893,rr
28,168,0.89,rr
28,170,0.905,rr
28,172,0.857,rr
28,174,0.82,rr
28,176,0.866,rr
28,178,0.858,rr
28,180,0.892,rr
28,182,0.859,rr
28,184,0.898,rr
28,186,0.851,rr
28,188,0.901,rr
28,190,0.879,rr
28,192,0.872,rr
28,194,0.896,rr
28,196,0.888,rr
28,198,0.913,rr
28,200,0.865,rr
29,58,0.895,rr
29,60,0.943,rr
29,62,0.913,rr
29,64,0.892,rr
29,66,0.924,rr
29,68,0.917,rr
29,70,0.893,rr
29,72,0.922,rr
29,74,0.909,rr
29,76,0.87,rr
29,78,0.887,rr
29,80,0.885,rr
29,82,0.857,rr
29,84,0.884,rr
29,86,0.861,rr
29,88,0.926,rr
29,90,0.87,rr
29,92,0.881,rr
29,94,0.873,rr
29,96,0.867,rr
29,98,0.902,rr
29,100,0.904,rr
29,102,0.886,rr
29,104,0.925,rr
29,106,0.868,rr
29,108,0.84,rr
29,110,0.83,rr
29,112,0.884,rr
29,114,0.857,rr
29,116,0.843,rr
29,118,0.925,rr
29,120,0.915,rr
29,122,0.895,rr
29,124,0.882,rr
29,126,0.885,rr
29,128,0.876,rr
29,130,0.847,rr
29,132,0.86,rr
29,134,0.886,rr
29,136,0.848,rr
29,138,0.871,rr
29,140,0.852,rr
29,142,0.862,rr
29,144,0.85,rr
29,146,0.869,rr
29,148,0.833,rr
29,150,0.877,rr
29,152,0.874,rr
29,154,0.883,rr
29,156,0.902,rr
29,158,0.852,rr
29,160,0.842,rr
29,162,0.86,rr
29,164,0.828,rr
29,166,0.858,rr
29,168,0.853,rr
29,170,0.869,rr
29,172,0.874,rr
29,174,0.841,rr
29,176,0.84,rr
29,178,0.876,rr
29,180,0.848,rr
29,182,0.847,rr
29,184,0.848,rr
29,186,0.821,rr
29,188,0.852,rr
29,190,0.82,rr
29,192,0.86,rr
29,194,0.871,rr
29,196,0.862,rr
29,198,0.909,rr
29,200,0.909,rr
30,60,0.921,rr
30,62,0.894,rr
30,64,0.886,rr
30,66,0.899,rr
30,68,0.878,rr
30,70,0.894,rr
30,72,0.87,rr
30,74,0.884,rr
30,76,0.909,rr
30,78,0.934,rr
30,80,0.906,rr
30,82,0.876,rr
30,84,0.912,rr
30,86,0.833,rr
30,88,0.874,rr
30,90,0.898,rr
30,92,0.884,rr
30,94,0.9,rr
30,96,0.897,rr
30,98,0.912,rr
30,100,0.881,rr
30,102,0.922,rr
30,104,0.856,rr
30,106,0.851,rr
30,108,0.918,rr
30,110,0.88,rr
30,112,0.894,rr
30,114,0.946,rr
30,116,0.909,rr
30,118,0.875,rr
30,120,0.871,rr
30,122,0.895,rr
30,124,0.861,rr
30,126,0.895,rr
30,128,0.883,rr
30,130,0.87,rr
30,132,0.891,rr
30,134,0.853,rr
30,136,0.865,rr
30,138,0.854,rr
30,140,0.859,rr
30,142,0.854,rr
30,144,0.841,rr
30,146,0.85,rr
30,148,0.838,rr
30,150,0.854,rr
30,152,0.841,rr
30,154,0.887,rr
30,156,0.898,rr
30,158,0.843,rr
30,160,0.874,rr
30,162,0.827,rr
30,164,0.851,rr
30,166,0.841,rr
30,168,0.944,rr
30,170,0.861,rr
30,172,0.84,rr
30,174,0.872,rr
30,176,0.863,rr
30,178,0.872,rr
30,180,0.893,rr
30,182,0.895,rr
30,184,0.837,rr
30,186,0.856,rr
30,188,0.876,rr
30,190,0.873,rr
30,192,0.86,rr
30,194,0.862,rr
30,196,0.865,rr
30,198,0.896,rr
30,200,0.848,rr
31,62,0.924,rr
31,64,0.938,rr
31,66,0.922,rr
31,68,0.891,rr
31,70,0.901,rr
31,72,0.96,rr
31,74,0.877,rr
31,76,0.949,rr
31,78,0.883,rr
31,80,0.89,rr
31,82,0.876,rr
31,84,0.883,rr
31,86,0.868,rr
31,88,0.894,rr
31,90,0.894,rr
31,92,0.917,rr
31,94,0.867,rr
31,96,0.862,rr
31,98,0.908,rr
31,100,0.877,rr
31,102,0.847,rr
31,104,0.887,rr
31,106,0.85,rr
31,108,0.886,rr
31,110,0.878,rr
31,112,0.848,rr
31,114,0.893,rr
31,116,0.867,rr
31,118,0.875,rr
31,120,0.879,rr
31,122,0.892,rr
31,124,0.901,rr
31,126,0.844,rr
31,128,0.837,rr
31,130,0.882,rr
31,132,0.91,rr
31,134,0.874,rr
31,136,0.878,rr
31,138,0.891,rr
31,140,0.895,rr
31,142,0.869,rr
31,144,0.844,rr
31,146,0.87,rr
31,148,0.866,rr
31,150,0.898,rr
31,152,0.824,rr
31,154,0.881,rr
31,156,0.885,rr
31,158,0.864,rr
31,160,0.863,rr
31,162,0.91,rr
31,164,0.861,rr
31,166,0.842,rr
31,168,0.873,rr
31,170,0.881,rr
31,172,0.88,rr
31,174,0.886,rr
31,176,0.868,rr
31,178,0.864,rr
31,180,0.863,rr
31,182,0.882,rr
31,184,0.905,rr
31,186,0.88,rr
31,188,0.877,rr
31,190,0.868,rr
31,192,0.82,rr
31,194,0.84,rr
31,196,0.873,rr
31,198,0.869,rr
31,200,0.853,rr
32,64,0.903,rr
32,66,0.907,rr
32,68,0.869,rr
32,70,0.948,rr
32,72,0.945,rr
32,74,0.879,rr
32,76,0.909,rr
32,78,0.894,rr
32,80,0.92,rr
32,82,0.904,rr
32,84,0.884,rr
32,86,0.918,rr
32,88,0.93,rr
32,90,0.928,rr
32,92,0.852,rr
32,94,0.863,rr
32,96,0.916,rr
32,98,0.89,rr
32,100,0.91,rr
32,102,0.913,rr
32,104,0.923,rr
32,106,0.87,rr
32,108,0.898,rr
32,110,0.899,rr
32,112,0.912,rr
32,114,0.857,rr
32,116,0.871,rr
32,118,0.877,rr
32,120,0.852,rr
32,122,0.887,rr
32,124,0.889,rr
32,126,0.886,rr
32,128,0.88,rr
32,130,0.841,rr
32,132,0.9,rr
32,134,0.858,rr
32,136,0.878,rr
32,138,0.881,rr
32,140,0.912,rr
32,142,0.937,rr
32,144,0.912,rr
32,146,0.893,rr
32,148,0.875,rr
32,150,0.875,rr
32,152,0.865,rr
32,154,0.853,rr
32,156,0.881,rr
32,158,0.907,rr
32,160,0.895,rr
32,162,0.799,rr
32,164,0.914,rr
32,166,0.898,rr
32,168,0.842,rr
32,170,0.888,rr
32,172,0.864,rr
32,174,0.966,rr
32,176,0.886,rr
32,178,0.843,rr
32,180,0.877,rr
32,182,0.851,rr
32,184,0.906,rr
32,186,0.911,rr
32,188,0.816,rr
32,190,0.884,rr
32,192,0.924,rr
32,194,0.884,rr
32,196,0.89,rr
32,198,0.843,rr
32,200,0.841,rr
33,66,0.944,rr
33,68,0.864,rr
33,70,0.944,rr
33,72,0.886,rr
33,74,0.902,rr
33,76,0.871,rr
33,78,0.892,rr
33,80,0.931,rr
33,82,0.922,rr
33,84,0.885,rr
33,86,0.87,rr
33,88,0.886,rr
33,90,0.854,rr
33,92,0.883,rr
33,94,0.899,rr
33,96,0.874,rr
33,98,0.901,rr
33,100,0.902,rr
33,102,0.83,rr
33,104,0.932,rr
33,106,0.859,rr
33,108,0.891,rr
33,110,0.913,rr
33,112,0.842,rr
33,114,0.867,rr
33,116,0.829,rr
33,118,0.864,rr
33,120,0.89,rr
33,122,0.898,rr
33,124,0.911,rr
33,126,0.924,rr
33,128,0.919,rr
33,130,0.902,rr
33,132,0.901,rr
33,134,0.881,rr
33,136,0.888,rr
33,138,0.874,rr
33,140,0.877,rr
33,142,0.902,rr
33,144,0.892,rr
33,146,0.874,rr
33,148,0.852,rr
33,150,0.844,rr
33,152,0.887,rr
33,154,0.866,rr
33,156,0.875,rr
33,158,0.87,rr
33,160,0.884,rr
33,162,0.833,rr
33,164,0.916,rr
33,166,0.851,rr
33,168,0.872,rr
33,170,0.948,rr
33,172,0.9,rr
33,174,0.869,rr
33,176,0.9,rr
33,178,0.842,rr
33,180,0.865,rr
33,182,0.87,rr
33,184,0.87,rr
33,186,0.898,rr
33,188,0.861,rr
33,190,0.848,rr
33,192,0.86,rr
33,194,0.864,rr
33,196,0.839,rr
33,198,0.884,rr
33,200,0.82,rr
34,68,0.945,rr
34,70,0.921,rr
34,72,0.915,rr
34,74,0.891,rr
34,76,0.902,rr
34,78,0.911,rr
34,80,0.907,rr
34,82,0.93,rr
34,84,0.889,rr
34,86,0.855,rr
34,88,0.923,rr
34,90,0.921,rr
34,92,0.893,rr
34,94,0.915,rr
34,96,0.882,rr
34,98,0.899,rr
34,100,0.896,rr
34,102,0.891,rr
34,104,0.885,rr
34,106,0.916,rr
34,108,0.889,rr
34,110,0.895,rr
34,112,0.84,rr
34,114,0.903,rr
34,116,0.867,rr
34,118,0.873,rr
34,120,0.856,rr
34,122,0.864,rr
34,124,0.9,rr
34,126,0.924,rr
34,128,0.891,rr
34,130,0.904,rr
34,132,0.907,rr
34,134,0.88,rr
34,136,0.892,rr
34,138,0.931,rr
34,140,0.897,rr
34,142,0.882,rr
34,144,0.884,rr
34,146,0.922,rr
34,148,0.899,rr
34,150,0.859,rr
34,152,0.906,rr
34,154,0.896,rr
34,156,0.893,rr
34,158,0.868,rr
34,160,0.904,rr
34,162,0.884,rr
34,164,0.917,rr
34,166,0.872,rr
34,168,0.877,rr
34,170,0.924,rr
34,172,0.868,rr
34,174,0.878,rr
34,176,0.896,rr
34,178,0.916,rr
34,180,0.866,rr
34,182,0.86,rr
34,184,0.898,rr
34,186,0.883,rr
34,188,0.849,rr
34,190,0.877,rr
34,192,0.871,rr
34,194,0.915,rr
34,196,0.849,rr
34,198,0.876,rr
34,200,0.85,rr
35,70,0.924,rr
35,72,0.913,rr
35,74,0.913,rr
35,76,0.885,rr
35,78,0.912,rr
35,80,0.905,rr
35,82,0.918,rr
35,84,0.924,rr
35,86,0.911,rr
35,88,0.86,rr
35,90,0.932,rr
35,92,0.911,rr
35,94,0.933,rr
35,96,0.904,rr
35,98,0.868,rr
35,100,0.898,rr
35,102,0.898,rr
35,104,0.889,rr
35,106,0.876,rr
35,108,0.881,rr
35,110,0.864,rr
35,112,0.906,rr
35,114,0.903,rr
35,116,0.925,rr
35,118,0.89,rr
35,120,0.92,rr
35,122,0.915,rr
35,124,0.892,rr
35,126,0.892,rr
35,128,0.929,rr
35,130,0.891,rr
35,132,0.891,rr
35,134,0.846,rr
35,136,0.912,rr
35,138,0.882,rr
35,140,0.896,rr
35,142,0.895,rr
35,144,0.878,rr
35,146,0.846,rr
35,148,0.858,rr
35,150,0.844,rr
35,152,0.867,rr
35,154,0.912,rr
35,156,0.877,rr
35,158,0.895,rr
35,160,0.91,rr
35,162,0.834,rr
35,164,0.863,rr
35,166,0.861,rr
35,168,0.834,rr
35,170,0.916,rr
35,172,0.886,rr
35,174,0.859,rr
35,176,0.906,rr
35,178,0.859,rr
35,180,0.883,rr
35,182,0.885,rr
35,184,0.833,rr
35,186,0.907,rr
35,188,0.927,rr
35,190,0.89,rr
35,192,0.861,rr
35,194,0.884,rr
35,196,0.829,rr
35,198,0.851,rr
35,200,0.818,rr
36,72,0.913,rr
36,74,0.914,rr
36,76,0.929,rr
36,78,0.888,rr
36,80,0.937,rr
36,82,0.924,rr
36,84,0.916,rr
36,86,0.931,rr
36,88,0.948,rr
36,90,0.913,rr
36,92,0.903,rr
36,94,0.906,rr
36,96,0.896,rr
36,98,0.883,rr
36,100,0.887,rr
36,102,0.865,rr
36,104,0.916,rr
36,106,0.848,rr
36,108,0.86,rr
36,110,0.91,rr
36,112,0.877,rr
36,114,0.93,rr
36,116,0.877,rr
36,118,0.912,rr
36,120,0.918,rr
36,122,0.891,rr
36,124,0.914,rr
36,126,0.905,rr
36,128,0.854,rr
36,130,0.897,rr
36,132,0.884,rr
36,134,0.916,rr
36,136,0.929,rr
36,138,0.852,rr
36,140,0.87,rr
36,142,0.845,rr
36,144,0.897,rr
36,146,0.89,rr
36,148,0.884,rr
36,150,0.944,rr
36,152,0.894,rr
36,154,0.906,rr
36,156,0.884,rr
36,158,0.91,rr
36,160,0.875,rr
36,162,0.865,rr
36,164,0.907,rr
36,166,0.917,rr
36,168,0.864,rr
36,170,0.882,rr
36,172,0.887,rr
36,174,0.847,rr
36,176,0.876,rr
36,178,0.87,rr
36,180,0.881,rr
36,182,0.861,rr
36,184,0.899,rr
36,186,0.91,rr
36,188,0.865,rr
36,190,0.914,rr
36,192,0.847,rr
36,194,0.863,rr
36,196,0.868,rr
36,198,0.893,rr
36,200,0.918,rr
37,74,0.94,rr
37,76,0.955,rr
37,78,0.867,rr
37,80,0.921,rr
37,82,0.897,rr
37,84,0.892,rr
37,86,0.914,rr
37,88,0.903,rr
37,90,0.877,rr
37,92,0.952,rr
37,94,0.917,rr
37,96,0.918,rr
37,98,0.896,rr
37,100,0.905,rr
37,102,0.925,rr
37,104,0.913,rr
37,106,0.899,rr
37,108,0.903,rr
37,110,0.878,rr
37,112,0.917,rr
37,114,0.891,rr
37,116,0.905,rr
37,118,0.881,rr
37,120,0.912,rr
37,122,0.851,rr
37,124,0.843,rr
37,126,0.905,rr
37,128,0.868,rr
37,130,0.938,rr
37,132,0.905,rr
37,134,0.898,rr
37,136,0.92,rr
37,138,0.882,rr
37,140,0.888,rr
37,142,0.873,rr
37,144,0.898,rr
37,146,0.924,rr
37,148,0.888,rr
37,150,0.891,rr
37,152,0.893,rr
37,154,0.906,rr
37,156,0.9,rr
37,158,0.891,rr
37,160,0.861,rr
37,162,0.863,rr
37,164,0.893,rr
37,166,0.896,rr
37,168,0.884,rr
37,170,0.885,rr
37,172,0.892,rr
37,174,0.912,rr
37,176,0.859,rr
37,178,0.869,rr
37,180,0.888,rr
37,182,0.9,rr
37,184,0.896,rr
37,186,0.877,rr
37,188,0.882,rr
37,190,0.874,rr
37,192,0.876,rr
37,194,0.884,rr
37,196,0.916,rr
37,198,0.879,rr
37,200,0.903,rr
38,76,0.912,rr
38,78,0.955,rr
38,80,0.951,rr
38,82,0.947,rr
38,84,0.926,rr
38,86,0.936,rr
38,88,0.915,rr
38,90,0.935,rr
38,92,0.902,rr
38,94,0.936,rr
38,96,0.919,rr
38,98,0.889,rr
38,100,0.922,rr
38,102,0.899,rr
38,104,0.917,rr
38,106,0.89,rr
38,108,0.938,rr
38,110,0.865,rr
38,112,0.907,rr
38,114,0.888,rr
38,116,0.926,rr
38,118,0.904,rr
38,120,0.876,rr
38,122,0.878,rr
38,124,0.857,rr
38,126,0.871,rr
38,128,0.922,rr
38,130,0.895,rr
38,132,0.874,rr
38,134,0.903,rr
38,136,0.884,rr
38,138,0.914,rr
38,140,0.9,rr
38,142,0.882,rr
38,144,0.854,rr
38,146,0.879,rr
38,148,0.943,rr
38,150,0.883,rr
38,152,0.877,rr
38,154,0.867,rr
38,156,0.852,rr
38,158,0.815,rr
38,160,0.915,rr
38,162,0.837,rr
38,164,0.857,rr
38,166,0.917,rr
38,168,0.869,rr
38,170,0.923,rr
38,172,0.868,rr
38,174,0.9,rr
38,176,0.902,rr
38,178,0.893,rr
38,180,0.869,rr
38,182,0.896,rr
38,184,0.877,rr
38,186,0.863,rr
38,188,0.862,rr
38,190,0.858,rr
38,192,0.871,rr
38,194,0.919,rr
38,196,0.881,rr
38,198,0.898,rr
38,200,0.935,rr
39,78,0.942,rr
39,80,0.951,rr
39,82,0.919,rr
39,84,0.945,rr
39,86,0.928,rr
39,88,0.921,rr
39,90,0.936,rr
39,92,0.871,rr
39,94,0.972,rr
39,96,0.93,rr
39,98,0.91,rr
39,100,0.891,rr
39,102,0.922,rr
39,104,0.865,rr
39,106,0.877,rr
39,108,0.88,rr
39,110,0.925,rr
39,112,0.912,rr
39,114,0.885,rr
39,116,0.903,rr
39,118,0.921,rr
39,120,0.902,rr
39,122,0.895,rr
39,124,0.918,rr
39,126,0.906,rr
39,128,0.944,rr
39,130,0.869,rr
39,132,0.916,rr
39,134,0.933,rr
39,136,0.865,rr
39,138,0.928,rr
39,140,0.96,rr
39,142,0.899,rr
39,144,0.935,rr
39,146,0.913,rr
39,148,0.847,rr
39,150,0.944,rr
39,152,0.908,rr
39,154,0.911,rr
39,156,0.904,rr
39,158,0.887,rr
39,160,0.879,rr
39,162,0.886,rr
39,164,0.928,rr
39,166,0.916,rr
39,168,0.886,rr
39,170,0.888,rr
39,172,0.894,rr
39,174,0.872,rr
39,176,0.913,rr
39,178,0.903,rr
39,180,0.914,rr
39,182,0.898,rr
39,184,0.857,rr
39,186,0.896,rr
39,188,0.894,rr
39,190,0.888,rr
39,192,0.885,rr
39,194,0.955,rr
39,196,0.888,rr
39,198,0.909,rr
39,200,0.856,rr
40,80,0.901,rr
40,82,0.88,rr
40,84,0.919,rr
40,86,0.952,rr
40,88,0.929,rr
40,90,0.898,rr
40,92,0.928,rr
40,94,0.922,rr
40,96,0.906,rr
40,98,0.925,rr
40,100,0.899,rr
40,102,0.939,rr
40,104,0.906,rr
40,106,0.895,rr
40,108,0.877,rr
40,110,0.864,rr
40,112,0.907,rr
40,114,0.878,rr
40,116,0.901,rr
40,118,0.918,rr
40,120,0.87,rr
40,122,0.908,rr
40,124,0.907,rr
40,126,0.906,rr
40,128,0.895,rr
40,130,0.875,rr
40,132,0.893,rr
40,134,0.909,rr
40,136,0.906,rr
40,138,0.913,rr
40,140,0.932,rr
40,142,0.859,rr
40,144,0.876,rr
40,146,0.838,rr
40,148,0.896,rr
40,150,0.93,rr
40,152,0.941,rr
40,154,0.876,rr
40,156,0.889,rr
40,158,0.9,rr
40,160,0.908,rr
40,162,0.896,rr
40,164,0.924,rr
40,166,0.901,rr
40,168,0.902,rr
40,170,0.9,rr
40,172,0.921,rr
40,174,0.911,rr
40,176,0.889,rr
40,178,0.867,rr
40,180,0.96,rr
40,182,0.87,rr
40,184,0.885,rr
40,186,0.915,rr
40,188,0.855,rr
40,190,0.959,rr
40,192,0.882,rr
40,194,0.918,rr
40,196,0.906,rr
40,198,0.907,rr
40,200,0.874,rr
41,82,0.878,rr
41,84,0.905,rr
41,86,0.909,rr
41,88,0.911,rr
41,90,0.948,rr
41,92,0.912,rr
41,94,0.926,rr
41,96,0.921,rr
41,98,0.922,rr
41,100,0.918,rr
41,102,0.938,rr
41,104,0.864,rr
41,106,0.916,rr
41,108,0.895,rr
41,110,0.925,rr
