1,2,0.681,rr
1,4,0.609,rr
1,6,0.53,rr
1,8,0.553,rr
1,10,0.493,rr
1,12,0.459,rr
1,14,0.475,rr
1,16,0.459,rr
1,18,0.485,rr
1,20,0.441,rr
1,22,0.437,rr
1,24,0.46,rr
1,26,0.439,rr
1,28,0.434,rr
1,30,0.432,rr
1,32,0.425,rr
1,34,0.414,rr
1,36,0.457,rr
1,38,0.431,rr
1,40,0.429,rr
1,42,0.402,rr
1,44,0.412,rr
1,46,0.389,rr
1,48,0.401,rr
1,50,0.437,rr
1,52,0.452,rr
1,54,0.408,rr
1,56,0.395,rr
1,58,0.434,rr
1,60,0.402,rr
1,62,0.412,rr
1,64,0.413,rr
1,66,0.417,rr
1,68,0.412,rr
1,70,0.411,rr
1,72,0.415,rr
1,74,0.395,rr
1,76,0.402,rr
1,78,0.425,rr
1,80,0.399,rr
1,82,0.398,rr
1,84,0.419,rr
1,86,0.383,rr
1,88,0.402,rr
1,90,0.395,rr
1,92,0.408,rr
1,94,0.42,rr
1,96,0.428,rr
1,98,0.397,rr
1,100,0.397,rr
1,102,0.403,rr
1,104,0.418,rr
1,106,0.368,rr
1,108,0.386,rr
1,110,0.4,rr
1,112,0.388,rr
1,114,0.432,rr
1,116,0.422,rr
1,118,0.399,rr
1,120,0.409,rr
1,122,0.419,rr
1,124,0.428,rr
1,126,0.391,rr
1,128,0.429,rr
1,130,0.384,rr
1,132,0.432,rr
1,134,0.421,rr
1,136,0.401,rr
1,138,0.417,rr
1,140,0.394,rr
1,142,0.388,rr
1,144,0.381,rr
1,146,0.402,rr
1,148,0.412,rr
1,150,0.393,rr
1,152,0.39,rr
1,154,0.417,rr
1,156,0.415,rr
1,158,0.401,rr
1,160,0.415,rr
1,162,0.41,rr
1,164,0.359,rr
1,166,0.399,rr
1,168,0.418,rr
1,170,0.398,rr
1,172,0.4,rr
1,174,0.394,rr
1,176,0.388,rr
1,178,0.43,rr
1,180,0.374,rr
1,182,0.42,rr
1,184,0.353,rr
1,186,0.379,rr
1,188,0.393,rr
1,190,0.452,rr
1,192,0.419,rr
1,194,0.394,rr
1,196,0.395,rr
1,198,0.419,rr
1,200,0.406,rr
2,4,0.726,rr
2,6,0.666,rr
2,8,0.622,rr
2,10,0.599,rr
2,12,0.542,rr
2,14,0.598,rr
2,16,0.551,rr
2,18,0.531,rr
2,20,0.532,rr
2,22,0.55,rr
2,24,0.489,rr
2,26,0.513,rr
2,28,0.494,rr
2,30,0.52,rr
2,32,0.501,rr
2,34,0.503,rr
2,36,0.507,rr
2,38,0.485,rr
2,40,0.482,rr
2,42,0.515,rr
2,44,0.495,rr
2,46,0.509,rr
2,48,0.45,rr
2,50,0.508,rr
2,52,0.505,rr
2,54,0.506,rr
2,56,0.511,rr
2,58,0.499,rr
2,60,0.511,rr
2,62,0.532,rr
2,64,0.485,rr
2,66,0.491,rr
2,68,0.501,rr
2,70,0.483,rr
2,72,0.477,rr
2,74,0.513,rr
2,76,0.524,rr
2,78,0.528,rr
2,80,0.491,rr
2,82,0.486,rr
2,84,0.486,rr
2,86,0.493,rr
2,88,0.477,rr
2,90,0.513,rr
2,92,0.475,rr
2,94,0.478,rr
2,96,0.465,rr
2,98,0.502,rr
2,100,0.48,rr
2,102,0.476,rr
2,104,0.515,rr
2,106,0.476,rr
2,108,0.508,rr
2,110,0.47,rr
2,112,0.474,rr
2,114,0.497,rr
2,116,0.468,rr
2,118,0.471,rr
2,120,0.462,rr
2,122,0.487,rr
2,124,0.488,rr
2,126,0.49,rr
2,128,0.479,rr
2,130,0.473,rr
2,132,0.478,rr
2,134,0.486,rr
2,136,0.497,rr
2,138,0.458,rr
2,140,0.484,rr
2,142,0.467,rr
2,144,0.491,rr
2,146,0.484,rr
2,148,0.503,rr
2,150,0.509,rr
2,152,0.45,rr
2,154,0.468,rr
2,156,0.505,rr
2,158,0.457,rr
2,160,0.529,rr
2,162,0.493,rr
2,164,0.47,rr
2,166,0.526,rr
2,168,0.497,rr
2,170,0.486,rr
2,172,0.475,rr
2,174,0.477,rr
2,176,0.443,rr
2,178,0.455,rr
2,180,0.478,rr
2,182,0.472,rr
2,184,0.456,rr
2,186,0.449,rr
2,188,0.504,rr
2,190,0.483,rr
2,192,0.437,rr
2,194,0.489,rr
2,196,0.483,rr
2,198,0.478,rr
2,200,0.488,rr
3,6,0.754,rr
3,8,0.673,rr
3,10,0.65,rr
3,12,0.647,rr
3,14,0.621,rr
3,16,0.621,rr
3,18,0.623,rr
3,20,0.614,rr
3,22,0.584,rr
3,24,0.604,rr
3,26,0.609,rr
3,28,0.53,rr
3,30,0.606,rr
3,32,0.59,rr
3,34,0.559,rr
3,36,0.517,rr
3,38,0.57,rr
3,40,0.56,rr
3,42,0.578,rr
3,44,0.549,rr
3,46,0.535,rr
3,48,0.544,rr
3,50,0.563,rr
3,52,0.566,rr
3,54,0.557,rr
3,56,0.561,rr
3,58,0.577,rr
3,60,0.552,rr
3,62,0.56,rr
3,64,0.584,rr
3,66,0.549,rr
3,68,0.548,rr
3,70,0.556,rr
3,72,0.565,rr
3,74,0.55,rr
3,76,0.571,rr
3,78,0.577,rr
3,80,0.557,rr
3,82,0.554,rr
3,84,0.546,rr
3,86,0.559,rr
3,88,0.547,rr
3,90,0.528,rr
3,92,0.542,rr
3,94,0.539,rr
3,96,0.584,rr
3,98,0.579,rr
3,100,0.525,rr
3,102,0.562,rr
3,104,0.523,rr
3,106,0.564,rr
3,108,0.531,rr
3,110,0.543,rr
3,112,0.555,rr
3,114,0.54,rr
3,116,0.517,rr
3,118,0.539,rr
3,120,0.537,rr
3,122,0.532,rr
3,124,0.543,rr
3,126,0.555,rr
3,128,0.519,rr
3,130,0.548,rr
3,132,0.518,rr
3,134,0.564,rr
3,136,0.535,rr
3,138,0.543,rr
3,140,0.532,rr
3,142,0.563,rr
3,144,0.533,rr
3,146,0.558,rr
3,148,0.529,rr
3,150,0.577,rr
3,152,0.531,rr
3,154,0.542,rr
3,156,0.527,rr
3,158,0.529,rr
3,160,0.547,rr
3,162,0.525,rr
3,164,0.509,rr
3,166,0.56,rr
3,168,0.544,rr
3,170,0.533,rr
3,172,0.548,rr
3,174,0.561,rr
3,176,0.519,rr
3,178,0.498,rr
3,180,0.542,rr
3,182,0.522,rr
3,184,0.523,rr
3,186,0.517,rr
3,188,0.505,rr
3,190,0.529,rr
3,192,0.536,rr
3,194,0.554,rr
3,196,0.535,rr
3,198,0.496,rr
3,200,0.543,rr
4,8,0.771,rr
4,10,0.705,rr
4,12,0.705,rr
4,14,0.707,rr
4,16,0.679,rr
4,18,0.661,rr
4,20,0.671,rr
4,22,0.661,rr
4,24,0.63,rr
4,26,0.588,rr
4,28,0.65,rr
4,30,0.636,rr
4,32,0.624,rr
4,34,0.629,rr
4,36,0.652,rr
4,38,0.623,rr
4,40,0.632,rr
4,42,0.649,rr
4,44,0.659,rr
4,46,0.619,rr
4,48,0.633,rr
4,50,0.66,rr
4,52,0.64,rr
4,54,0.597,rr
4,56,0.682,rr
4,58,0.585,rr
4,60,0.588,rr
4,62,0.624,rr
4,64,0.59,rr
4,66,0.598,rr
4,68,0.612,rr
4,70,0.644,rr
4,72,0.616,rr
4,74,0.578,rr
4,76,0.581,rr
4,78,0.589,rr
4,80,0.625,rr
4,82,0.594,rr
4,84,0.617,rr
4,86,0.592,rr
4,88,0.57,rr
4,90,0.636,rr
4,92,0.608,rr
4,94,0.592,rr
4,96,0.648,rr
4,98,0.596,rr
4,100,0.574,rr
4,102,0.575,rr
4,104,0.58,rr
4,106,0.604,rr
4,108,0.596,rr
4,110,0.604,rr
4,112,0.606,rr
4,114,0.589,rr
4,116,0.593,rr
4,118,0.591,rr
4,120,0.577,rr
4,122,0.537,rr
4,124,0.557,rr
4,126,0.565,rr
4,128,0.61,rr
4,130,0.604,rr
4,132,0.572,rr
4,134,0.534,rr
4,136,0.577,rr
4,138,0.604,rr
4,140,0.565,rr
4,142,0.6,rr
4,144,0.572,rr
4,146,0.608,rr
4,148,0.603,rr
4,150,0.61,rr
4,152,0.606,rr
4,154,0.57,rr
4,156,0.57,rr
4,158,0.57,rr
4,160,0.533,rr
4,162,0.598,rr
4,164,0.577,rr
4,166,0.575,rr
4,168,0.573,rr
4,170,0.541,rr
4,172,0.562,rr
4,174,0.604,rr
4,176,0.565,rr
4,178,0.571,rr
4,180,0.58,rr
4,182,0.571,rr
4,184,0.556,rr
4,186,0.601,rr
4,188,0.609,rr
4,190,0.562,rr
4,192,0.605,rr
4,194,0.575,rr
4,196,0.587,rr
4,198,0.558,rr
4,200,0.608,rr
5,10,0.799,rr
5,12,0.754,rr
5,14,0.685,rr
5,16,0.738,rr
5,18,0.712,rr
5,20,0.71,rr
5,22,0.668,rr
5,24,0.679,rr
5,26,0.662,rr
5,28,0.654,rr
5,30,0.677,rr
5,32,0.675,rr
5,34,0.649,rr
5,36,0.635,rr
5,38,0.682,rr
5,40,0.647,rr
5,42,0.628,rr
5,44,0.66,rr
5,46,0.664,rr
5,48,0.637,rr
5,50,0.66,rr
5,52,0.616,rr
5,54,0.686,rr
5,56,0.607,rr
5,58,0.64,rr
5,60,0.722,rr
5,62,0.661,rr
5,64,0.628,rr
5,66,0.633,rr
5,68,0.639,rr
5,70,0.616,rr
5,72,0.632,rr
5,74,0.592,rr
5,76,0.663,rr
5,78,0.593,rr
5,80,0.61,rr
5,82,0.632,rr
5,84,0.646,rr
5,86,0.619,rr
5,88,0.64,rr
5,90,0.614,rr
5,92,0.588,rr
5,94,0.639,rr
5,96,0.622,rr
5,98,0.61,rr
5,100,0.597,rr
5,102,0.599,rr
5,104,0.61,rr
5,106,0.655,rr
5,108,0.656,rr
5,110,0.642,rr
5,112,0.652,rr
5,114,0.602,rr
5,116,0.629,rr
5,118,0.634,rr
5,120,0.606,rr
5,122,0.614,rr
5,124,0.633,rr
5,126,0.636,rr
5,128,0.638,rr
5,130,0.625,rr
5,132,0.619,rr
5,134,0.617,rr
5,136,0.602,rr
5,138,0.621,rr
5,140,0.645,rr
5,142,0.61,rr
5,144,0.604,rr
5,146,0.627,rr
5,148,0.639,rr
5,150,0.611,rr
5,152,0.633,rr
5,154,0.616,rr
5,156,0.622,rr
5,158,0.619,rr
5,160,0.621,rr
5,162,0.613,rr
5,164,0.602,rr
5,166,0.603,rr
5,168,0.626,rr
5,170,0.626,rr
5,172,0.627,rr
5,174,0.642,rr
5,176,0.624,rr
5,178,0.635,rr
5,180,0.612,rr
5,182,0.657,rr
5,184,0.639,rr
5,186,0.634,rr
5,188,0.637,rr
5,190,0.613,rr
5,192,0.61,rr
5,194,0.614,rr
5,196,0.655,rr
5,198,0.638,rr
5,200,0.587,rr
6,12,0.834,rr
6,14,0.783,rr
6,16,0.748,rr
6,18,0.717,rr
6,20,0.736,rr
6,22,0.753,rr
6,24,0.719,rr
6,26,0.663,rr
6,28,0.688,rr
6,30,0.669,rr
6,32,0.665,rr
6,34,0.653,rr
6,36,0.692,rr
6,38,0.7,rr
6,40,0.72,rr
6,42,0.738,rr
6,44,0.739,rr
6,46,0.65,rr
6,48,0.676,rr
6,50,0.655,rr
6,52,0.639,rr
6,54,0.652,rr
6,56,0.676,rr
6,58,0.668,rr
6,60,0.68,rr
6,62,0.711,rr
6,64,0.653,rr
6,66,0.643,rr
6,68,0.642,rr
6,70,0.656,rr
6,72,0.667,rr
6,74,0.661,rr
6,76,0.674,rr
6,78,0.69,rr
6,80,0.653,rr
6,82,0.675,rr
6,84,0.656,rr
6,86,0.668,rr
6,88,0.641,rr
6,90,0.629,rr
6,92,0.655,rr
6,94,0.653,rr
6,96,0.628,rr
6,98,0.671,rr
6,100,0.666,rr
6,102,0.65,rr
6,104,0.647,rr
6,106,0.676,rr
6,108,0.64,rr
6,110,0.654,rr
6,112,0.657,rr
6,114,0.64,rr
6,116,0.649,rr
6,118,0.642,rr
6,120,0.638,rr
6,122,0.638,rr
6,124,0.642,rr
6,126,0.632,rr
6,128,0.619,rr
6,130,0.668,rr
6,132,0.675,rr
6,134,0.631,rr
6,136,0.649,rr
6,138,0.698,rr
6,140,0.695,rr
6,142,0.65,rr
6,144,0.664,rr
6,146,0.675,rr
6,148,0.665,rr
6,150,0.665,rr
6,152,0.68,rr
6,154,0.645,rr
6,156,0.676,rr
6,158,0.656,rr
6,160,0.659,rr
6,162,0.633,rr
6,164,0.65,rr
6,166,0.634,rr
6,168,0.635,rr
6,170,0.616,rr
6,172,0.617,rr
6,174,0.643,rr
6,176,0.653,rr
6,178,0.632,rr
6,180,0.623,rr
6,182,0.639,rr
6,184,0.659,rr
6,186,0.622,rr
6,188,0.68,rr
6,190,0.655,rr
6,192,0.62,rr
6,194,0.664,rr
6,196,0.625,rr
6,198,0.66,rr
6,200,0.64,rr
7,14,0.837,rr
7,16,0.783,rr
7,18,0.802,rr
7,20,0.76,rr
7,22,0.775,rr
7,24,0.73,rr
7,26,0.773,rr
7,28,0.722,rr
7,30,0.763,rr
7,32,0.731,rr
7,34,0.725,rr
7,36,0.732,rr
7,38,0.703,rr
7,40,0.711,rr
7,42,0.725,rr
7,44,0.706,rr
7,46,0.698,rr
7,48,0.704,rr
7,50,0.736,rr
7,52,0.702,rr
7,54,0.662,rr
7,56,0.726,rr
7,58,0.695,rr
7,60,0.7,rr
7,62,0.676,rr
7,64,0.663,rr
7,66,0.701,rr
7,68,0.69,rr
7,70,0.628,rr
7,72,0.699,rr
7,74,0.687,rr
7,76,0.7,rr
7,78,0.649,rr
7,80,0.653,rr
7,82,0.678,rr
7,84,0.676,rr
7,86,0.667,rr
7,88,0.646,rr
7,90,0.669,rr
7,92,0.684,rr
7,94,0.7,rr
7,96,0.674,rr
7,98,0.661,rr
7,100,0.656,rr
7,102,0.651,rr
7,104,0.685,rr
7,106,0.659,rr
7,108,0.663,rr
7,110,0.683,rr
7,112,0.678,rr
7,114,0.682,rr
7,116,0.687,rr
7,118,0.713,rr
7,120,0.647,rr
7,122,0.697,rr
7,124,0.652,rr
7,126,0.676,rr
7,128,0.681,rr
7,130,0.706,rr
7,132,0.652,rr
7,134,0.702,rr
7,136,0.644,rr
7,138,0.655,rr
7,140,0.7,rr
7,142,0.698,rr
7,144,0.717,rr
7,146,0.673,rr
7,148,0.677,rr
7,150,0.67,rr
7,152,0.669,rr
7,154,0.688,rr
7,156,0.694,rr
7,158,0.706,rr
7,160,0.662,rr
7,162,0.648,rr
7,164,0.709,rr
7,166,0.675,rr
7,168,0.655,rr
7,170,0.664,rr
7,172,0.652,rr
7,174,0.661,rr
7,176,0.666,rr
7,178,0.68,rr
7,180,0.642,rr
7,182,0.678,rr
7,184,0.672,rr
7,186,0.713,rr
7,188,0.663,rr
7,190,0.675,rr
7,192,0.686,rr
7,194,0.662,rr
7,196,0.709,rr
7,198,0.673,rr
7,200,0.646,rr
8,16,0.823,rr
8,18,0.823,rr
8,20,0.807,rr
8,22,0.795,rr
8,24,0.809,rr
8,26,0.765,rr
8,28,0.751,rr
8,30,0.774,rr
8,32,0.762,rr
8,34,0.783,rr
8,36,0.75,rr
8,38,0.718,rr
8,40,0.745,rr
8,42,0.74,rr
8,44,0.734,rr
8,46,0.714,rr
8,48,0.748,rr
8,50,0.736,rr
8,52,0.696,rr
8,54,0.75,rr
8,56,0.791,rr
8,58,0.703,rr
8,60,0.702,rr
8,62,0.761,rr
8,64,0.708,rr
8,66,0.723,rr
8,68,0.685,rr
8,70,0.724,rr
8,72,0.715,rr
8,74,0.719,rr
8,76,0.705,rr
8,78,0.723,rr
8,80,0.685,rr
8,82,0.672,rr
8,84,0.688,rr
8,86,0.715,rr
8,88,0.723,rr
8,90,0.76,rr
8,92,0.706,rr
8,94,0.724,rr
8,96,0.694,rr
8,98,0.706,rr
8,100,0.734,rr
8,102,0.693,rr
8,104,0.684,rr
8,106,0.739,rr
8,108,0.708,rr
8,110,0.729,rr
8,112,0.675,rr
8,114,0.712,rr
8,116,0.708,rr
8,118,0.717,rr
8,120,0.666,rr
8,122,0.692,rr
8,124,0.675,rr
8,126,0.663,rr
8,128,0.678,rr
8,130,0.714,rr
8,132,0.7,rr
8,134,0.713,rr
8,136,0.696,rr
8,138,0.723,rr
8,140,0.687,rr
8,142,0.711,rr
8,144,0.704,rr
8,146,0.707,rr
8,148,0.706,rr
8,150,0.734,rr
8,152,0.711,rr
8,154,0.715,rr
8,156,0.693,rr
8,158,0.704,rr
8,160,0.713,rr
8,162,0.729,rr
8,164,0.711,rr
8,166,0.726,rr
8,168,0.726,rr
8,170,0.699,rr
8,172,0.675,rr
8,174,0.688,rr
8,176,0.696,rr
8,178,0.679,rr
8,180,0.711,rr
8,182,0.708,rr
8,184,0.732,rr
8,186,0.671,rr
8,188,0.677,rr
8,190,0.696,rr
8,192,0.741,rr
8,194,0.692,rr
8,196,0.684,rr
8,198,0.677,rr
8,200,0.738,rr
9,18,0.838,rr
9,20,0.788,rr
9,22,0.791,rr
9,24,0.802,rr
9,26,0.77,rr
9,28,0.756,rr
9,30,0.752,rr
9,32,0.804,rr
9,34,0.8,rr
9,36,0.757,rr
9,38,0.798,rr
9,40,0.722,rr
9,42,0.774,rr
9,44,0.781,rr
9,46,0.727,rr
9,48,0.782,rr
9,50,0.734,rr
9,52,0.725,rr
9,54,0.726,rr
9,56,0.721,rr
9,58,0.777,rr
9,60,0.741,rr
9,62,0.76,rr
9,64,0.759,rr
9,66,0.709,rr
9,68,0.789,rr
9,70,0.766,rr
9,72,0.741,rr
9,74,0.697,rr
9,76,0.774,rr
9,78,0.752,rr
9,80,0.729,rr
9,82,0.747,rr
9,84,0.742,rr
9,86,0.741,rr
9,88,0.728,rr
9,90,0.764,rr
9,92,0.723,rr
9,94,0.747,rr
9,96,0.704,rr
9,98,0.721,rr
9,100,0.744,rr
9,102,0.729,rr
9,104,0.713,rr
9,106,0.721,rr
9,108,0.754,rr
9,110,0.737,rr
9,112,0.692,rr
9,114,0.753,rr
9,116,0.766,rr
9,118,0.709,rr
9,120,0.7,rr
9,122,0.703,rr
9,124,0.71,rr
9,126,0.737,rr
9,128,0.702,rr
9,130,0.714,rr
9,132,0.738,rr
9,134,0.699,rr
9,136,0.703,rr
9,138,0.737,rr
9,140,0.72,rr
9,142,0.74,rr
9,144,0.773,rr
9,146,0.701,rr
9,148,0.694,rr
9,150,0.735,rr
9,152,0.7,rr
9,154,0.706,rr
9,156,0.732,rr
9,158,0.691,rr
9,160,0.714,rr
9,162,0.716,rr
9,164,0.692,rr
9,166,0.715,rr
9,168,0.701,rr
9,170,0.7,rr
9,172,0.724,rr
9,174,0.695,rr
9,176,0.726,rr
9,178,0.758,rr
9,180,0.686,rr
9,182,0.705,rr
9,184,0.724,rr
9,186,0.731,rr
9,188,0.742,rr
9,190,0.71,rr
9,192,0.718,rr
9,194,0.719,rr
9,196,0.724,rr
9,198,0.737,rr
9,200,0.71,rr
10,20,0.833,rr
10,22,0.806,rr
10,24,0.819,rr
10,26,0.79,rr
10,28,0.79,rr
10,30,0.787,rr
10,32,0.788,rr
10,34,0.787,rr
10,36,0.774,rr
10,38,0.783,rr
10,40,0.771,rr
10,42,0.769,rr
10,44,0.758,rr
10,46,0.78,rr
10,48,0.708,rr
10,50,0.786,rr
10,52,0.768,rr
10,54,0.722,rr
10,56,0.778,rr
10,58,0.751,rr
10,60,0.81,rr
10,62,0.775,rr
10,64,0.734,rr
10,66,0.744,rr
10,68,0.762,rr
10,70,0.708,rr
10,72,0.757,rr
10,74,0.722,rr
10,76,0.755,rr
10,78,0.763,rr
10,80,0.743,rr
10,82,0.762,rr
10,84,0.75,rr
10,86,0.74,rr
10,88,0.758,rr
10,90,0.765,rr
10,92,0.751,rr
10,94,0.681,rr
10,96,0.741,rr
10,98,0.747,rr
10,100,0.733,rr
10,102,0.77,rr
10,104,0.729,rr
10,106,0.741,rr
10,108,0.713,rr
10,110,0.757,rr
10,112,0.774,rr
10,114,0.708,rr
10,116,0.715,rr
10,118,0.709,rr
10,120,0.743,rr
10,122,0.712,rr
10,124,0.757,rr
10,126,0.751,rr
10,128,0.76,rr
10,130,0.744,rr
10,132,0.724,rr
10,134,0.732,rr
10,136,0.723,rr
10,138,0.717,rr
10,140,0.734,rr
10,142,0.718,rr
10,144,0.724,rr
10,146,0.744,rr
10,148,0.731,rr
10,150,0.736,rr
10,152,0.743,rr
10,154,0.731,rr
10,156,0.762,rr
10,158,0.747,rr
10,160,0.766,rr
10,162,0.696,rr
10,164,0.753,rr
10,166,0.772,rr
10,168,0.702,rr
10,170,0.752,rr
10,172,0.737,rr
10,174,0.711,rr
10,176,0.721,rr
10,178,0.739,rr
10,180,0.715,rr
10,182,0.74,rr
10,184,0.706,rr
10,186,0.72,rr
10,188,0.737,rr
10,190,0.693,rr
10,192,0.749,rr
10,194,0.732,rr
10,196,0.743,rr
10,198,0.697,rr
10,200,0.752,rr
11,22,0.843,rr
11,24,0.819,rr
11,26,0.784,rr
11,28,0.825,rr
11,30,0.834,rr
11,32,0.81,rr
11,34,0.773,rr
11,36,0.818,rr
11,38,0.818,rr
11,40,0.79,rr
11,42,0.772,rr
11,44,0.771,rr
11,46,0.764,rr
11,48,0.796,rr
11,50,0.768,rr
11,52,0.754,rr
11,54,0.788,rr
11,56,0.772,rr
11,58,0.791,rr
11,60,0.79,rr
11,62,0.755,rr
11,64,0.851,rr
11,66,0.8,rr
11,68,0.828,rr
11,70,0.787,rr
11,72,0.787,rr
11,74,0.779,rr
11,76,0.756,rr
11,78,0.787,rr
11,80,0.728,rr
11,82,0.775,rr
11,84,0.74,rr
11,86,0.733,rr
11,88,0.767,rr
11,90,0.762,rr
11,92,0.773,rr
11,94,0.871,rr
11,96,0.768,rr
11,98,0.811,rr
11,100,0.75,rr
11,102,0.739,rr
11,104,0.784,rr
11,106,0.732,rr
11,108,0.767,rr
11,110,0.726,rr
11,112,0.745,rr
11,114,0.74,rr
11,116,0.735,rr
11,118,0.724,rr
11,120,0.772,rr
11,122,0.736,rr
11,124,0.76,rr
11,126,0.749,rr
11,128,0.743,rr
11,130,0.787,rr
11,132,0.776,rr
11,134,0.749,rr
11,136,0.715,rr
11,138,0.751,rr
11,140,0.769,rr
11,142,0.713,rr
11,144,0.731,rr
11,146,0.768,rr
11,148,0.751,rr
11,150,0.745,rr
11,152,0.736,rr
11,154,0.752,rr
11,156,0.736,rr
11,158,0.712,rr
11,160,0.747,rr
11,162,0.714,rr
11,164,0.786,rr
11,166,0.781,rr
11,168,0.747,rr
11,170,0.756,rr
11,172,0.756,rr
11,174,0.751,rr
11,176,0.746,rr
11,178,0.74,rr
11,180,0.745,rr
11,182,0.727,rr
11,184,0.746,rr
11,186,0.747,rr
11,188,0.783,rr
11,190,0.751,rr
11,192,0.743,rr
11,194,0.71,rr
11,196,0.72,rr
11,198,0.762,rr
11,200,0.738,rr
12,24,0.843,rr
12,26,0.87,rr
12,28,0.856,rr
12,30,0.913,rr
12,32,0.834,rr
12,34,0.854,rr
12,36,0.775,rr
12,38,0.802,rr
12,40,0.84,rr
12,42,0.811,rr
12,44,0.773,rr
12,46,0.816,rr
12,48,0.782,rr
12,50,0.781,rr
12,52,0.778,rr
12,54,0.872,rr
12,56,0.799,rr
12,58,0.744,rr
12,60,0.791,rr
12,62,0.823,rr
12,64,0.766,rr
12,66,0.795,rr
12,68,0.753,rr
12,70,0.821,rr
12,72,0.778,rr
12,74,0.731,rr
12,76,0.776,rr
12,78,0.792,rr
12,80,0.78,rr
12,82,0.713,rr
12,84,0.774,rr
12,86,0.767,rr
12,88,0.833,rr
12,90,0.78,rr
12,92,0.79,rr
12,94,0.821,rr
12,96,0.752,rr
12,98,0.735,rr
12,100,0.769,rr
12,102,0.806,rr
12,104,0.794,rr
12,106,0.781,rr
12,108,0.766,rr
12,110,0.767,rr
12,112,0.711,rr
12,114,0.84,rr
12,116,0.753,rr
12,118,0.783,rr
12,120,0.763,rr
12,122,0.784,rr
12,124,0.788,rr
12,126,0.804,rr
12,128,0.755,rr
12,130,0.724,rr
12,132,0.731,rr
12,134,0.801,rr
12,136,0.8,rr
12,138,0.778,rr
12,140,0.735,rr
12,142,0.789,rr
12,144,0.736,rr
12,146,0.738,rr
12,148,0.795,rr
12,150,0.797,rr
12,152,0.762,rr
12,154,0.784,rr
12,156,0.736,rr
12,158,0.761,rr
12,160,0.743,rr
12,162,0.742,rr
12,164,0.776,rr
12,166,0.756,rr
12,168,0.79,rr
12,170,0.75,rr
12,172,0.77,rr
12,174,0.765,rr
12,176,0.782,rr
12,178,0.751,rr
12,180,0.779,rr
12,182,0.803,rr
12,184,0.741,rr
12,186,0.793,rr
12,188,0.764,rr
12,190,0.762,rr
12,192,0.742,rr
12,194,0.751,rr
12,196,0.737,rr
12,198,0.746,rr
12,200,0.781,rr
13,26,0.859,rr
13,28,0.816,rr
13,30,0.901,rr
13,32,0.875,rr
13,34,0.838,rr
13,36,0.86,rr
13,38,0.805,rr
13,40,0.821,rr
13,42,0.808,rr
13,44,0.854,rr
13,46,0.886,rr
13,48,0.834,rr
13,50,0.855,rr
13,52,0.855,rr
13,54,0.807,rr
13,56,0.794,rr
13,58,0.778,rr
13,60,0.798,rr
13,62,0.777,rr
13,64,0.821,rr
13,66,0.794,rr
13,68,0.801,rr
13,70,0.782,rr
13,72,0.832,rr
13,74,0.802,rr
13,76,0.781,rr
13,78,0.756,rr
13,80,0.82,rr
13,82,0.785,rr
13,84,0.769,rr
13,86,0.817,rr
13,88,0.838,rr
13,90,0.829,rr
13,92,0.767,rr
13,94,0.77,rr
13,96,0.775,rr
13,98,0.771,rr
13,100,0.797,rr
13,102,0.82,rr
13,104,0.767,rr
13,106,0.785,rr
13,108,0.794,rr
13,110,0.773,rr
13,112,0.814,rr
13,114,0.817,rr
13,116,0.813,rr
13,118,0.766,rr
13,120,0.783,rr
13,122,0.762,rr
13,124,0.765,rr
13,126,0.771,rr
13,128,0.788,rr
13,130,0.772,rr
13,132,0.785,rr
13,134,0.825,rr
13,136,0.766,rr
13,138,0.775,rr
13,140,0.793,rr
13,142,0.793,rr
13,144,0.756,rr
13,146,0.744,rr
13,148,0.783,rr
13,150,0.796,rr
13,152,0.791,rr
13,154,0.772,rr
13,156,0.812,rr
13,158,0.791,rr
13,160,0.791,rr
13,162,0.748,rr
13,164,0.786,rr
13,166,0.757,rr
13,168,0.759,rr
13,170,0.756,rr
13,172,0.787,rr
13,174,0.825,rr
13,176,0.776,rr
13,178,0.737,rr
13,180,0.759,rr
13,182,0.725,rr
13,184,0.739,rr
13,186,0.77,rr
13,188,0.734,rr
13,190,0.77,rr
13,192,0.761,rr
13,194,0.74,rr
13,196,0.757,rr
13,198,0.806,rr
13,200,0.756,rr
14,28,0.878,rr
14,30,0.862,rr
14,32,0.875,rr
14,34,0.879,rr
14,36,0.869,rr
14,38,0.815,rr
14,40,0.804,rr
14,42,0.833,rr
14,44,0.835,rr
14,46,0.857,rr
14,48,0.821,rr
14,50,0.822,rr
14,52,0.818,rr
14,54,0.869,rr
14,56,0.79,rr
14,58,0.803,rr
14,60,0.839,rr
14,62,0.833,rr
14,64,0.822,rr
14,66,0.796,rr
14,68,0.774,rr
14,70,0.829,rr
14,72,0.85,rr
14,74,0.819,rr
14,76,0.773,rr
14,78,0.831,rr
14,80,0.802,rr
14,82,0.799,rr
14,84,0.83,rr
14,86,0.849,rr
14,88,0.794,rr
14,90,0.861,rr
14,92,0.787,rr
14,94,0.83,rr
14,96,0.78,rr
14,98,0.778,rr
14,100,0.788,rr
14,102,0.797,rr
14,104,0.828,rr
14,106,0.779,rr
14,108,0.744,rr
14,110,0.795,rr
14,112,0.798,rr
14,114,0.756,rr
14,116,0.81,rr
14,118,0.772,rr
14,120,0.814,rr
14,122,0.785,rr
14,124,0.781,rr
14,126,0.74,rr
14,128,0.764,rr
14,130,0.848,rr
14,132,0.77,rr
14,134,0.779,rr
14,136,0.779,rr
14,138,0.805,rr
14,140,0.8,rr
14,142,0.76,rr
14,144,0.783,rr
14,146,0.744,rr
14,148,0.791,rr
14,150,0.75,rr
14,152,0.763,rr
14,154,0.792,rr
14,156,0.8,rr
14,158,0.785,rr
14,160,0.808,rr
14,162,0.751,rr
14,164,0.777,rr
14,166,0.811,rr
14,168,0.781,rr
14,170,0.775,rr
14,172,0.764,rr
14,174,0.771,rr
14,176,0.731,rr
14,178,0.81,rr
14,180,0.8,rr
14,182,0.744,rr
14,184,0.792,rr
14,186,0.834,rr
14,188,0.787,rr
14,190,0.762,rr
14,192,0.77,rr
14,194,0.704,rr
14,196,0.808,rr
14,198,0.814,rr
14,200,0.75,rr
15,30,0.873,rr
15,32,0.84,rr
15,34,0.875,rr
15,36,0.857,rr
15,38,0.824,rr
15,40,0.811,rr
15,42,0.822,rr
15,44,0.81,rr
15,46,0.813,rr
15,48,0.842,rr
15,50,0.824,rr
15,52,0.874,rr
15,54,0.798,rr
15,56,0.871,rr
15,58,0.86,rr
15,60,0.858,rr
15,62,0.848,rr
15,64,0.805,rr
15,66,0.824,rr
15,68,0.845,rr
15,70,0.832,rr
15,72,0.819,rr
15,74,0.846,rr
15,76,0.847,rr
15,78,0.83,rr
15,80,0.79,rr
15,82,0.786,rr
15,84,0.814,rr
15,86,0.798,rr
15,88,0.765,rr
15,90,0.827,rr
15,92,0.785,rr
15,94,0.764,rr
15,96,0.81,rr
15,98,0.829,rr
15,100,0.802,rr
15,102,0.798,rr
15,104,0.792,rr
15,106,0.797,rr
15,108,0.798,rr
15,110,0.789,rr
15,112,0.781,rr
15,114,0.789,rr
15,116,0.834,rr
15,118,0.871,rr
15,120,0.814,rr
15,122,0.803,rr
15,124,0.798,rr
15,126,0.815,rr
15,128,0.766,rr
15,130,0.802,rr
15,132,0.774,rr
15,134,0.78,rr
15,136,0.802,rr
15,138,0.803,rr
15,140,0.813,rr
15,142,0.78,rr
15,144,0.766,rr
15,146,0.809,rr
15,148,0.817,rr
15,150,0.807,rr
15,152,0.782,rr
15,154,0.804,rr
15,156,0.786,rr
15,158,0.782,rr
15,160,0.811,rr
15,162,0.76,rr
15,164,0.773,rr
15,166,0.778,rr
15,168,0.794,rr
15,170,0.785,rr
15,172,0.781,rr
15,174,0.774,rr
15,176,0.795,rr
15,178,0.856,rr
15,180,0.803,rr
15,182,0.793,rr
15,184,0.777,rr
15,186,0.785,rr
15,188,0.764,rr
15,190,0.784,rr
15,192,0.778,rr
15,194,0.752,rr
15,196,0.762,rr
15,198,0.759,rr
15,200,0.785,rr
16,32,0.886,rr
16,34,0.899,rr
16,36,0.862,rr
16,38,0.822,rr
16,40,0.83,rr
16,42,0.887,rr
16,44,0.833,rr
16,46,0.826,rr
16,48,0.82,rr
16,50,0.845,rr
16,52,0.853,rr
16,54,0.878,rr
16,56,0.842,rr
16,58,0.857,rr
16,60,0.838,rr
16,62,0.853,rr
16,64,0.869,rr
16,66,0.865,rr
16,68,0.815,rr
16,70,0.84,rr
16,72,0.898,rr
16,74,0.819,rr
16,76,0.837,rr
16,78,0.812,rr
16,80,0.831,rr
16,82,0.786,rr
16,84,0.839,rr
16,86,0.804,rr
16,88,0.87,rr
16,90,0.835,rr
16,92,0.79,rr
16,94,0.886,rr
16,96,0.816,rr
16,98,0.805,rr
16,100,0.81,rr
16,102,0.846,rr
16,104,0.823,rr
16,106,0.804,rr
16,108,0.82,rr
16,110,0.831,rr
16,112,0.842,rr
16,114,0.818,rr
16,116,0.812,rr
16,118,0.784,rr
16,120,0.807,rr
16,122,0.814,rr
16,124,0.8,rr
16,126,0.792,rr
16,128,0.829,rr
16,130,0.804,rr
16,132,0.791,rr
16,134,0.83,rr
16,136,0.765,rr
16,138,0.79,rr
16,140,0.828,rr
16,142,0.773,rr
16,144,0.836,rr
16,146,0.817,rr
16,148,0.772,rr
16,150,0.785,rr
16,152,0.795,rr
16,154,0.766,rr
16,156,0.856,rr
16,158,0.787,rr
16,160,0.778,rr
16,162,0.814,rr
16,164,0.765,rr
16,166,0.803,rr
16,168,0.828,rr
16,170,0.804,rr
16,172,0.824,rr
16,174,0.832,rr
16,176,0.785,rr
16,178,0.767,rr
16,180,0.815,rr
16,182,0.827,rr
16,184,0.844,rr
16,186,0.806,rr
16,188,0.824,rr
16,190,0.816,rr
16,192,0.819,rr
16,194,0.818,rr
16,196,0.776,rr
16,198,0.777,rr
16,200,0.796,rr
17,34,0.842,rr
17,36,0.842,rr
17,38,0.849,rr
17,40,0.873,rr
17,42,0.911,rr
17,44,0.804,rr
17,46,0.845,rr
17,48,0.837,rr
17,50,0.847,rr
17,52,0.837,rr
17,54,0.881,rr
17,56,0.867,rr
17,58,0.856,rr
17,60,0.84,rr
17,62,0.81,rr
17,64,0.796,rr
17,66,0.866,rr
17,68,0.864,rr
17,70,0.853,rr
17,72,0.83,rr
17,74,0.861,rr
17,76,0.812,rr
17,78,0.811,rr
17,80,0.86,rr
17,82,0.808,rr
17,84,0.849,rr
17,86,0.875,rr
17,88,0.795,rr
17,90,0.807,rr
17,92,0.844,rr
17,94,0.804,rr
17,96,0.822,rr
17,98,0.832,rr
17,100,0.839,rr
17,102,0.847,rr
17,104,0.821,rr
17,106,0.836,rr
17,108,0.759,rr
17,110,0.811,rr
17,112,0.796,rr
17,114,0.781,rr
17,116,0.801,rr
17,118,0.837,rr
17,120,0.761,rr
17,122,0.795,rr
17,124,0.793,rr
17,126,0.796,rr
17,128,0.813,rr
17,130,0.797,rr
17,132,0.791,rr
17,134,0.803,rr
17,136,0.777,rr
17,138,0.781,rr
17,140,0.779,rr
17,142,0.842,rr
17,144,0.799,rr
17,146,0.802,rr
17,148,0.827,rr
17,150,0.831,rr
17,152,0.791,rr
17,154,0.804,rr
17,156,0.775,rr
17,158,0.792,rr
17,160,0.809,rr
17,162,0.84,rr
17,164,0.81,rr
17,166,0.808,rr
17,168,0.758,rr
17,170,0.818,rr
17,172,0.778,rr
17,174,0.774,rr
17,176,0.782,rr
17,178,0.81,rr
17,180,0.851,rr
17,182,0.833,rr
17,184,0.822,rr
17,186,0.809,rr
17,188,0.844,rr
17,190,0.759,rr
17,192,0.785,rr
17,194,0.817,rr
17,196,0.82,rr
17,198,0.796,rr
17,200,0.827,rr
18,36,0.887,rr
18,38,0.884,rr
18,40,0.909,rr
18,42,0.857,rr
18,44,0.908,rr
18,46,0.853,rr
18,48,0.824,rr
18,50,0.846,rr
18,52,0.893,rr
18,54,0.848,rr
18,56,0.851,rr
18,58,0.818,rr
18,60,0.837,rr
18,62,0.861,rr
18,64,0.83,rr
18,66,0.907,rr
18,68,0.839,rr
18,70,0.805,rr
18,72,0.825,rr
18,74,0.844,rr
18,76,0.822,rr
18,78,0.851,rr
18,80,0.834,rr
18,82,0.809,rr
18,84,0.815,rr
18,86,0.834,rr
18,88,0.781,rr
18,90,0.828,rr
18,92,0.838,rr
18,94,0.849,rr
18,96,0.806,rr
18,98,0.849,rr
18,100,0.795,rr
18,102,0.803,rr
18,104,0.829,rr
18,106,0.84,rr
18,108,0.827,rr
18,110,0.837,rr
18,112,0.803,rr
18,114,0.836,rr
18,116,0.836,rr
18,118,0.86,rr
18,120,0.801,rr
18,122,0.838,rr
18,124,0.799,rr
18,126,0.854,rr
18,128,0.841,rr
18,130,0.865,rr
18,132,0.849,rr
18,134,0.79,rr
18,136,0.857,rr
18,138,0.815,rr
18,140,0.794,rr
18,142,0.8,rr
18,144,0.807,rr
18,146,0.84,rr
18,148,0.86,rr
18,150,0.791,rr
18,152,0.861,rr
18,154,0.822,rr
18,156,0.79,rr
18,158,0.799,rr
18,160,0.818,rr
18,162,0.79,rr
18,164,0.826,rr
18,166,0.804,rr
18,168,0.821,rr
18,170,0.786,rr
18,172,0.839,rr
18,174,0.812,rr
18,176,0.793,rr
18,178,0.819,rr
18,180,0.806,rr
18,182,0.802,rr
18,184,0.795,rr
18,186,0.774,rr
18,188,0.809,rr
18,190,0.813,rr
18,192,0.8,rr
18,194,0.799,rr
18,196,0.814,rr
18,198,0.81,rr
18,200,0.831,rr
19,38,0.873,rr
19,40,0.858,rr
19,42,0.856,rr
19,44,0.908,rr
19,46,0.889,rr
19,48,0.868,rr
19,50,0.839,rr
19,52,0.826,rr
19,54,0.828,rr
19,56,0.839,rr
19,58,0.843,rr
19,60,0.861,rr
19,62,0.83,rr
19,64,0.931,rr
19,66,0.864,rr
19,68,0.799,rr
19,70,0.845,rr
19,72,0.822,rr
19,74,0.846,rr
19,76,0.827,rr
19,78,0.845,rr
19,80,0.875,rr
19,82,0.878,rr
19,84,0.818,rr
19,86,0.84,rr
19,88,0.897,rr
19,90,0.844,rr
19,92,0.838,rr
19,94,0.81,rr
19,96,0.792,rr
19,98,0.881,rr
19,100,0.822,rr
19,102,0.881,rr
19,104,0.859,rr
19,106,0.813,rr
19,108,0.827,rr
19,110,0.847,rr
19,112,0.821,rr
19,114,0.814,rr
19,116,0.86,rr
19,118,0.857,rr
19,120,0.811,rr
19,122,0.832,rr
19,124,0.836,rr
19,126,0.812,rr
19,128,0.799,rr
19,130,0.847,rr
19,132,0.865,rr
19,134,0.84,rr
19,136,0.839,rr
19,138,0.86,rr
19,140,0.841,rr
19,142,0.842,rr
19,144,0.816,rr
19,146,0.792,rr
19,148,0.854,rr
19,150,0.818,rr
19,152,0.786,rr
19,154,0.844,rr
19,156,0.792,rr
19,158,0.788,rr
19,160,0.79,rr
19,162,0.801,rr
19,164,0.797,rr
19,166,0.839,rr
19,168,0.809,rr
19,170,0.823,rr
19,172,0.814,rr
19,174,0.802,rr
19,176,0.79,rr
19,178,0.783,rr
19,180,0.816,rr
19,182,0.852,rr
19,184,0.841,rr
19,186,0.843,rr
19,188,0.837,rr
19,190,0.76,rr
19,192,0.837,rr
19,194,0.793,rr
19,196,0.838,rr
19,198,0.84,rr
19,200,0.768,rr
20,40,0.894,rr
20,42,0.889,rr
20,44,0.909,rr
20,46,0.879,rr
20,48,0.907,rr
20,50,0.873,rr
20,52,0.85,rr
20,54,0.886,rr
20,56,0.894,rr
20,58,0.856,rr
20,60,0.894,rr
20,62,0.847,rr
20,64,0.843,rr
20,66,0.905,rr
20,68,0.868,rr
20,70,0.84,rr
20,72,0.895,rr
20,74,0.806,rr
20,76,0.881,rr
20,78,0.846,rr
20,80,0.883,rr
20,82,0.917,rr
20,84,0.892,rr
20,86,0.858,rr
20,88,0.859,rr
20,90,0.827,rr
20,92,0.901,rr
20,94,0.892,rr
20,96,0.841,rr
20,98,0.874,rr
20,100,0.785,rr
20,102,0.852,rr
20,104,0.925,rr
20,106,0.828,rr
20,108,0.852,rr
20,110,0.868,rr
20,112,0.873,rr
20,114,0.811,rr
20,116,0.8,rr
20,118,0.851,rr
20,120,0.842,rr
20,122,0.859,rr
20,124,0.81,rr
20,126,0.831,rr
20,128,0.848,rr
20,130,0.885,rr
20,132,0.813,rr
20,134,0.837,rr
20,136,0.875,rr
20,138,0.839,rr
20,140,0.8,rr
20,142,0.825,rr
20,144,0.87,rr
20,146,0.832,rr
20,148,0.861,rr
20,150,0.815,rr
20,152,0.844,rr
20,154,0.849,rr
20,156,0.824,rr
20,158,0.764,rr
20,160,0.85,rr
20,162,0.82,rr
20,164,0.793,rr
20,166,0.842,rr
20,168,0.814,rr
20,170,0.852,rr
20,172,0.848,rr
20,174,0.819,rr
20,176,0.878,rr
20,178,0.778,rr
20,180,0.828,rr
20,182,0.791,rr
20,184,0.816,rr
20,186,0.845,rr
20,188,0.759,rr
20,190,0.825,rr
20,192,0.84,rr
20,194,0.855,rr
20,196,0.846,rr
20,198,0.826,rr
20,200,0.781,rr
21,42,0.928,rr
21,44,0.865,rr
21,46,0.885,rr
21,48,0.877,rr
21,50,0.892,rr
21,52,0.854,rr
21,54,0.809,rr
21,56,0.87,rr
21,58,0.86,rr
21,60,0.881,rr
21,62,0.871,rr
21,64,0.859,rr
21,66,0.866,rr
21,68,0.878,rr
21,70,0.849,rr
21,72,0.918,rr
21,74,0.821,rr
21,76,0.87,rr
21,78,0.873,rr
21,80,0.854,rr
21,82,0.848,rr
21,84,0.862,rr
21,86,0.862,rr
21,88,0.874,rr
21,90,0.875,rr
21,92,0.792,rr
21,94,0.851,rr
21,96,0.822,rr
21,98,0.855,rr
21,100,0.852,rr
21,102,0.835,rr
21,104,0.826,rr
21,106,0.849,rr
21,108,0.852,rr
21,110,0.85,rr
21,112,0.846,rr
21,114,0.822,rr
21,116,0.8,rr
21,118,0.816,rr
21,120,0.876,rr
21,122,0.845,rr
21,124,0.857,rr
21,126,0.794,rr
21,128,0.797,rr
21,130,0.828,rr
21,132,0.839,rr
21,134,0.868,rr
21,136,0.829,rr
21,138,0.814,rr
21,140,0.771,rr
21,142,0.863,rr
21,144,0.833,rr
21,146,0.851,rr
21,148,0.838,rr
21,150,0.855,rr
21,152,0.805,rr
21,154,0.81,rr
21,156,0.83,rr
21,158,0.848,rr
21,160,0.83,rr
21,162,0.839,rr
21,164,0.818,rr
21,166,0.858,rr
21,168,0.835,rr
21,170,0.832,rr
21,172,0.857,rr
21,174,0.821,rr
21,176,0.794,rr
21,178,0.832,rr
21,180,0.86,rr
21,182,0.818,rr
21,184,0.828,rr
21,186,0.812,rr
21,188,0.817,rr
21,190,0.845,rr
21,192,0.858,rr
21,194,0.864,rr
21,196,0.819,rr
21,198,0.773,rr
21,200,0.826,rr
22,44,0.899,rr
22,46,0.915,rr
22,48,0.916,rr
22,50,0.892,rr
22,52,0.885,rr
22,54,0.877,rr
22,56,0.851,rr
22,58,0.866,rr
22,60,0.855,rr
22,62,0.872,rr
22,64,0.874,rr
22,66,0.887,rr
22,68,0.865,rr
22,70,0.896,rr
22,72,0.838,rr
22,74,0.877,rr
22,76,0.878,rr
22,78,0.832,rr
22,80,0.903,rr
22,82,0.909,rr
22,84,0.875,rr
22,86,0.905,rr
22,88,0.812,rr
22,90,0.816,rr
22,92,0.85,rr
22,94,0.839,rr
22,96,0.82,rr
22,98,0.852,rr
22,100,0.847,rr
22,102,0.812,rr
22,104,0.853,rr
22,106,0.847,rr
22,108,0.874,rr
22,110,0.838,rr
22,112,0.911,rr
22,114,0.856,rr
22,116,0.841,rr
22,118,0.862,rr
22,120,0.86,rr
22,122,0.827,rr
22,124,0.868,rr
22,126,0.847,rr
22,128,0.852,rr
22,130,0.841,rr
22,132,0.819,rr
22,134,0.83,rr
22,136,0.84,rr
22,138,0.849,rr
22,140,0.847,rr
22,142,0.867,rr
22,144,0.852,rr
22,146,0.843,rr
22,148,0.881,rr
22,150,0.861,rr
22,152,0.816,rr
22,154,0.839,rr
22,156,0.844,rr
22,158,0.879,rr
22,160,0.894,rr
22,162,0.839,rr
22,164,0.843,rr
22,166,0.857,rr
22,168,0.861,rr
22,170,0.815,rr
22,172,0.853,rr
22,174,0.816,rr
22,176,0.796,rr
22,178,0.847,rr
22,180,0.828,rr
22,182,0.852,rr
22,184,0.832,rr
22,186,0.814,rr
22,188,0.853,rr
22,190,0.814,rr
22,192,0.777,rr
22,194,0.812,rr
22,196,0.836,rr
22,198,0.81,rr
22,200,0.872,rr
23,46,0.871,rr
23,48,0.91,rr
23,50,0.906,rr
23,52,0.86,rr
23,54,0.896,rr
23,56,0.909,rr
23,58,0.854,rr
23,60,0.869,rr
23,62,0.862,rr
23,64,0.863,rr
23,66,0.938,rr
23,68,0.904,rr
23,70,0.858,rr
23,72,0.879,rr
23,74,0.809,rr
23,76,0.892,rr
23,78,0.853,rr
23,80,0.882,rr
23,82,0.825,rr
23,84,0.86,rr
23,86,0.806,rr
23,88,0.836,rr
23,90,0.873,rr
23,92,0.895,rr
23,94,0.877,rr
23,96,0.879,rr
23,98,0.889,rr
23,100,0.939,rr
23,102,0.858,rr
23,104,0.862,rr
23,106,0.841,rr
23,108,0.841,rr
23,110,0.871,rr
23,112,0.866,rr
23,114,0.846,rr
23,116,0.847,rr
23,118,0.832,rr
23,120,0.831,rr
23,122,0.827,rr
23,124,0.871,rr
23,126,0.816,rr
23,128,0.824,rr
23,130,0.861,rr
23,132,0.862,rr
23,134,0.843,rr
23,136,0.884,rr
23,138,0.871,rr
23,140,0.807,rr
23,142,0.867,rr
23,144,0.818,rr
23,146,0.844,rr
23,148,0.83,rr
23,150,0.826,rr
23,152,0.847,rr
23,154,0.865,rr
23,156,0.837,rr
23,158,0.853,rr
23,160,0.877,rr
23,162,0.866,rr
23,164,0.843,rr
23,166,0.884,rr
23,168,0.822,rr
23,170,0.849,rr
23,172,0.843,rr
23,174,0.899,rr
23,176,0.877,rr
23,178,0.856,rr
23,180,0.865,rr
23,182,0.83,rr
23,184,0.867,rr
23,186,0.882,rr
23,188,0.845,rr
23,190,0.874,rr
23,192,0.838,rr
23,194,0.885,rr
23,196,0.816,rr
23,198,0.809,rr
23,200,0.829,rr
24,48,0.919,rr
24,50,0.94,rr
24,52,0.894,rr
24,54,0.873,rr
24,56,0.88,rr
24,58,0.87,rr
24,60,0.833,rr
24,62,0.877,rr
24,64,0.871,rr
24,66,0.911,rr
24,68,0.907,rr
24,70,0.9,rr
24,72,0.847,rr
24,74,0.924,rr
24,76,0.876,rr
24,78,0.866,rr
24,80,0.894,rr
24,82,0.856,rr
24,84,0.831,rr
24,86,0.929,rr
24,88,0.904,rr
24,90,0.856,rr
24,92,0.863,rr
24,94,0.874,rr
24,96,0.864,rr
24,98,0.861,rr
24,100,0.86,rr
24,102,0.877,rr
24,104,0.897,rr
24,106,0.869,rr
24,108,0.834,rr
24,110,0.842,rr
24,112,0.859,rr
24,114,0.813,rr
24,116,0.85,rr
24,118,0.85,rr
24,120,0.862,rr
24,122,0.918,rr
24,124,0.894,rr
24,126,0.842,rr
24,128,0.818,rr
24,130,0.847,rr
24,132,0.862,rr
24,134,0.879,rr
24,136,0.828,rr
24,138,0.916,rr
24,140,0.904,rr
24,142,0.845,rr
24,144,0.869,rr
24,146,0.846,rr
24,148,0.83,rr
24,150,0.891,rr
24,152,0.803,rr
24,154,0.883,rr
24,156,0.884,rr
24,158,0.856,rr
24,160,0.805,rr
24,162,0.857,rr
24,164,0.807,rr
24,166,0.846,rr
24,168,0.846,rr
24,170,0.895,rr
24,172,0.853,rr
24,174,0.822,rr
24,176,0.866,rr
24,178,0.828,rr
24,180,0.863,rr
24,182,0.827,rr
24,184,0.827,rr
24,186,0.845,rr
24,188,0.845,rr
24,190,0.832,rr
24,192,0.859,rr
24,194,0.833,rr
24,196,0.854,rr
24,198,0.884,rr
24,200,0.809,rr
25,50,0.887,rr
25,52,0.939,rr
25,54,0.844,rr
25,56,0.858,rr
25,58,0.87,rr
25,60,0.879,rr
25,62,0.895,rr
25,64,0.869,rr
25,66,0.847,rr
25,68,0.854,rr
25,70,0.858,rr
25,72,0.864,rr
25,74,0.896,rr
25,76,0.927,rr
25,78,0.881,rr
25,80,0.872,rr
25,82,0.942,rr
25,84,0.843,rr
25,86,0.829,rr
25,88,0.885,rr
25,90,0.855,rr
25,92,0.847,rr
25,94,0.833,rr
25,96,0.854,rr
25,98,0.904,rr
25,100,0.863,rr
25,102,0.856,rr
25,104,0.841,rr
25,106,0.808,rr
25,108,0.867,rr
25,110,0.851,rr
25,112,0.861,rr
25,114,0.893,rr
25,116,0.882,rr
25,118,0.859,rr
25,120,0.858,rr
25,122,0.869,rr
25,124,0.838,rr
25,126,0.897,rr
25,128,0.857,rr
25,130,0.824,rr
25,132,0.879,rr
25,134,0.847,rr
25,136,0.876,rr
25,138,0.854,rr
25,140,0.838,rr
25,142,0.845,rr
25,144,0.877,rr
25,146,0.887,rr
25,148,0.843,rr
25,150,0.826,rr
25,152,0.831,rr
25,154,0.856,rr
25,156,0.787,rr
25,158,0.875,rr
25,160,0.805,rr
25,162,0.861,rr
25,164,0.85,rr
25,166,0.832,rr
25,168,0.882,rr
25,170,0.837,rr
25,172,0.823,rr
25,174,0.908,rr
25,176,0.851,rr
25,178,0.822,rr
25,180,0.81,rr
25,182,0.88,rr
25,184,0.841,rr
25,186,0.845,rr
25,188,0.894,rr
25,190,0.825,rr
25,192,0.868,rr
25,194,0.843,rr
25,196,0.84,rr
25,198,0.866,rr
25,200,0.839,rr
26,52,0.888,rr
26,54,0.944,rr
26,56,0.95,rr
26,58,0.858,rr
26,60,0.869,rr
26,62,0.851,rr
26,64,0.882,rr
26,66,0.89,rr
26,68,0.91,rr
26,70,0.882,rr
26,72,0.854,rr
26,74,0.906,rr
26,76,0.837,rr
26,78,0.884,rr
26,80,0.898,rr
26,82,0.912,rr
26,84,0.824,rr
26,86,0.838,rr
26,88,0.905,rr
26,90,0.83,rr
26,92,0.902,rr
26,94,0.896,rr
26,96,0.839,rr
26,98,0.873,rr
26,100,0.851,rr
26,102,0.888,rr
26,104,0.896,rr
26,106,0.846,rr
26,108,0.884,rr
26,110,0.857,rr
26,112,0.894,rr
26,114,0.925,rr
26,116,0.845,rr
26,118,0.862,rr
26,120,0.845,rr
26,122,0.868,rr
26,124,0.884,rr
26,126,0.838,rr
26,128,0.878,rr
26,130,0.88,rr
26,132,0.881,rr
26,134,0.9,rr
26,136,0.811,rr
26,138,0.851,rr
26,140,0.818,rr
26,142,0.867,rr
26,144,0.88,rr
26,146,0.849,rr
26,148,0.84,rr
26,150,0.862,rr
26,152,0.883,rr
26,154,0.852,rr
26,156,0.885,rr
26,158,0.899,rr
26,160,0.865,rr
26,162,0.872,rr
26,164,0.846,rr
26,166,0.863,rr
26,168,0.867,rr
26,170,0.842,rr
26,172,0.851,rr
26,174,0.829,rr
26,176,0.798,rr
26,178,0.859,rr
26,180,0.847,rr
26,182,0.884,rr
26,184,0.864,rr
26,186,0.826,rr
26,188,0.901,rr
26,190,0.842,rr
26,192,0.864,rr
26,194,0.839,rr
26,196,0.815,rr
26,198,0.892,rr
26,200,0.901,rr
27,54,0.889,rr
27,56,0.866,rr
27,58,0.901,rr
27,60,0.9,rr
27,62,0.88,rr
27,64,0.898,rr
27,66,0.919,rr
27,68,0.896,rr
27,70,0.852,rr
27,72,0.854,rr
27,74,0.942,rr
27,76,0.9,rr
27,78,0.937,rr
27,80,0.892,rr
27,82,0.933,rr
27,84,0.914,rr
27,86,0.837,rr
27,88,0.868,rr
27,90,0.844,rr
27,92,0.875,rr
27,94,0.897,rr
27,96,0.832,rr
27,98,0.852,rr
27,100,0.826,rr
27,102,0.847,rr
27,104,0.931,rr
27,106,0.92,rr
27,108,0.851,rr
27,110,0.867,rr
27,112,0.886,rr
27,114,0.859,rr
27,116,0.903,rr
27,118,0.869,rr
27,120,0.866,rr
27,122,0.849,rr
27,124,0.86,rr
27,126,0.86,rr
27,128,0.811,rr
27,130,0.839,rr
27,132,0.84,rr
27,134,0.863,rr
27,136,0.86,rr
27,138,0.818,rr
27,140,0.849,rr
27,142,0.881,rr
27,144,0.878,rr
27,146,0.85,rr
27,148,0.817,rr
27,150,0.853,rr
27,152,0.825,rr
27,154,0.851,rr
27,156,0.869,rr
27,158,0.831,rr
27,160,0.859,rr
27,162,0.827,rr
27,164,0.871,rr
27,166,0.882,rr
27,168,0.841,rr
27,170,0.881,rr
27,172,0.847,rr
27,174,0.819,rr
27,176,0.868,rr
27,178,0.891,rr
27,180,0.851,rr
27,182,0.865,rr
27,184,0.831,rr
27,186,0.877,rr
27,188,0.86,rr
27,190,0.909,rr
27,192,0.906,rr
27,194,0.906,rr
27,196,0.874,rr
27,198,0.857,rr
27,200,0.877,rr
28,56,0.93,rr
28,58,0.899,rr
28,60,0.894,rr
28,62,0.912,rr
28,64,0.897,rr
28,66,0.884,rr
28,68,0.901,rr
28,70,0.878,rr
28,72,0.887,rr
28,74,0.899,rr
28,76,0.891,rr
28,78,0.865,rr
28,80,0.856,rr
28,82,0.862,rr
28,84,0.896,rr
28,86,0.873,rr
28,88,0.84,rr
28,90,0.894,rr
28,92,0.876,rr
28,94,0.86,rr
28,96,0.883,rr
28,98,0.847,rr
28,100,0.925,rr
28,102,0.902,rr
28,104,0.885,rr
28,106,0.885,rr
28,108,0.902,rr
28,110,0.916,rr
28,112,0.885,rr
28,114,0.879,rr
28,116,0.91,rr
28,118,0.912,rr
28,120,0.897,rr
28,122,0.915,rr
28,124,0.884,rr
28,126,0.875,rr
28,128,0.845,rr
28,130,0.89,rr
28,132,0.861,rr
28,134,0.832,rr
28,136,0.891,rr
28,138,0.868,rr
28,140,0.862,rr
28,142,0.816,rr
28,144,0.896,rr
28,146,0.847,rr
28,148,0.821,rr
28,150,0.824,rr
28,152,0.823,rr
28,154,0.842,rr
28,156,0.836,rr
28,158,0.868,rr
28,160,0.883,rr
28,162,0.871,rr
28,164,0.9,rr
28,166,0.872,rr
28,168,0.855,rr
28,170,0.909,rr
28,172,0.828,rr
28,174,0.854,rr
28,176,0.833,rr
28,178,0.873,rr
28,180,0.869,rr
28,182,0.885,rr
28,184,0.87,rr
28,186,0.858,rr
28,188,0.837,rr
28,190,0.862,rr
28,192,0.881,rr
28,194,0.887,rr
28,196,0.899,rr
28,198,0.909,rr
28,200,0.851,rr
29,58,0.965,rr
29,60,0.886,rr
29,62,0.893,rr
29,64,0.866,rr
29,66,0.957,rr
29,68,0.868,rr
29,70,0.878,rr
29,72,0.886,rr
29,74,0.946,rr
29,76,0.878,rr
29,78,0.88,rr
29,80,0.9,rr
29,82,0.898,rr
29,84,0.869,rr
29,86,0.931,rr
29,88,0.914,rr
29,90,0.875,rr
29,92,0.892,rr
29,94,0.928,rr
29,96,0.836,rr
29,98,0.84,rr
29,100,0.9,rr
29,102,0.877,rr
29,104,0.887,rr
29,106,0.903,rr
29,108,0.846,rr
29,110,0.895,rr
29,112,0.902,rr
29,114,0.86,rr
29,116,0.902,rr
29,118,0.892,rr
29,120,0.903,rr
29,122,0.831,rr
29,124,0.847,rr
29,126,0.828,rr
29,128,0.866,rr
29,130,0.883,rr
29,132,0.875,rr
29,134,0.889,rr
29,136,0.888,rr
29,138,0.868,rr
29,140,0.824,rr
29,142,0.88,rr
29,144,0.855,rr
29,146,0.868,rr
29,148,0.856,rr
29,150,0.902,rr
29,152,0.89,rr
29,154,0.897,rr
29,156,0.888,rr
29,158,0.885,rr
29,160,0.868,rr
29,162,0.845,rr
29,164,0.893,rr
29,166,0.872,rr
29,168,0.909,rr
29,170,0.825,rr
29,172,0.904,rr
29,174,0.87,rr
29,176,0.873,rr
29,178,0.864,rr
29,180,0.874,rr
29,182,0.876,rr
29,184,0.887,rr
29,186,0.834,rr
29,188,0.857,rr
29,190,0.885,rr
29,192,0.857,rr
29,194,0.832,rr
29,196,0.893,rr
29,198,0.914,rr
29,200,0.827,rr
30,60,0.929,rr
30,62,0.895,rr
30,64,0.891,rr
30,66,0.931,rr
30,68,0.887,rr
30,70,0.857,rr
30,72,0.856,rr
30,74,0.844,rr
30,76,0.875,rr
30,78,0.823,rr
30,80,0.935,rr
30,82,0.853,rr
30,84,0.881,rr
30,86,0.933,rr
30,88,0.924,rr
30,90,0.926,rr
30,92,0.831,rr
30,94,0.923,rr
30,96,0.885,rr
30,98,0.915,rr
30,100,0.905,rr
30,102,0.862,rr
30,104,0.919,rr
30,106,0.869,rr
30,108,0.939,rr
30,110,0.872,rr
30,112,0.896,rr
30,114,0.868,rr
30,116,0.914,rr
30,118,0.832,rr
30,120,0.874,rr
30,122,0.888,rr
30,124,0.893,rr
30,126,0.88,rr
30,128,0.889,rr
30,130,0.893,rr
30,132,0.894,rr
30,134,0.889,rr
30,136,0.818,rr
30,138,0.878,rr
30,140,0.888,rr
30,142,0.865,rr
30,144,0.91,rr
30,146,0.89,rr
30,148,0.93,rr
30,150,0.869,rr
30,152,0.849,rr
30,154,0.85,rr
30,156,0.845,rr
30,158,0.864,rr
30,160,0.851,rr
30,162,0.865,rr
30,164,0.888,rr
30,166,0.881,rr
30,168,0.897,rr
30,170,0.857,rr
30,172,0.845,rr
30,174,0.841,rr
30,176,0.871,rr
30,178,0.849,rr
30,180,0.892,rr
30,182,0.87,rr
30,184,0.875,rr
30,186,0.899,rr
30,188,0.905,rr
30,190,0.874,rr
30,192,0.914,rr
30,194,0.902,rr
30,196,0.857,rr
30,198,0.854,rr
30,200,0.864,rr
31,62,0.902,rr
31,64,0.939,rr
31,66,0.938,rr
31,68,0.907,rr
31,70,0.921,rr
31,72,0.871,rr
31,74,0.935,rr
31,76,0.901,rr
31,78,0.9,rr
31,80,0.944,rr
31,82,0.884,rr
31,84,0.948,rr
31,86,0.91,rr
31,88,0.87,rr
31,90,0.899,rr
31,92,0.898,rr
31,94,0.86,rr
31,96,0.875,rr
31,98,0.889,rr
31,100,0.875,rr
31,102,0.876,rr
31,104,0.85,rr
31,106,0.92,rr
31,108,0.862,rr
31,110,0.848,rr
31,112,0.88,rr
31,114,0.867,rr
31,116,0.904,rr
31,118,0.869,rr
31,120,0.851,rr
31,122,0.889,rr
31,124,0.88,rr
31,126,0.884,rr
31,128,0.847,rr
31,130,0.883,rr
31,132,0.854,rr
31,134,0.895,rr
31,136,0.886,rr
31,138,0.858,rr
31,140,0.897,rr
31,142,0.888,rr
31,144,0.906,rr
31,146,0.882,rr
31,148,0.869,rr
31,150,0.871,rr
31,152,0.916,rr
31,154,0.888,rr
31,156,0.848,rr
31,158,0.877,rr
31,160,0.895,rr
31,162,0.881,rr
31,164,0.902,rr
31,166,0.871,rr
31,168,0.933,rr
31,170,0.867,rr
31,172,0.89,rr
31,174,0.871,rr
31,176,0.87,rr
31,178,0.868,rr
31,180,0.855,rr
31,182,0.925,rr
31,184,0.876,rr
31,186,0.863,rr
31,188,0.882,rr
31,190,0.869,rr
31,192,0.884,rr
31,194,0.898,rr
31,196,0.867,rr
31,198,0.849,rr
31,200,0.861,rr
32,64,0.875,rr
32,66,0.893,rr
32,68,0.912,rr
32,70,0.942,rr
32,72,0.928,rr
32,74,0.911,rr
32,76,0.889,rr
32,78,0.921,rr
32,80,0.922,rr
32,82,0.917,rr
32,84,0.907,rr
32,86,0.899,rr
32,88,0.897,rr
32,90,0.887,rr
32,92,0.855,rr
32,94,0.877,rr
32,96,0.899,rr
32,98,0.91,rr
32,100,0.873,rr
32,102,0.88,rr
32,104,0.915,rr
32,106,0.895,rr
32,108,0.865,rr
32,110,0.884,rr
32,112,0.906,rr
32,114,0.899,rr
32,116,0.879,rr
32,118,0.892,rr
32,120,0.912,rr
32,122,0.885,rr
32,124,0.902,rr
32,126,0.851,rr
32,128,0.857,rr
32,130,0.844,rr
32,132,0.876,rr
32,134,0.923,rr
32,136,0.911,rr
32,138,0.842,rr
32,140,0.864,rr
32,142,0.874,rr
32,144,0.884,rr
32,146,0.838,rr
32,148,0.892,rr
32,150,0.887,rr
32,152,0.874,rr
32,154,0.875,rr
32,156,0.89,rr
32,158,0.908,rr
32,160,0.895,rr
32,162,0.873,rr
32,164,0.887,rr
32,166,0.873,rr
32,168,0.896,rr
32,170,0.894,rr
32,172,0.914,rr
32,174,0.899,rr
32,176,0.848,rr
32,178,0.855,rr
32,180,0.866,rr
32,182,0.869,rr
32,184,0.878,rr
32,186,0.865,rr
32,188,0.879,rr
32,190,0.832,rr
32,192,0.859,rr
32,194,0.838,rr
32,196,0.931,rr
32,198,0.909,rr
32,200,0.894,rr
33,66,0.894,rr
33,68,0.899,rr
33,70,0.929,rr
33,72,0.916,rr
33,74,0.886,rr
33,76,0.903,rr
33,78,0.886,rr
33,80,0.883,rr
33,82,0.899,rr
33,84,0.921,rr
33,86,0.885,rr
33,88,0.929,rr
33,90,0.869,rr
33,92,0.915,rr
33,94,0.885,rr
33,96,0.948,rr
33,98,0.891,rr
33,100,0.925,rr
33,102,0.885,rr
33,104,0.873,rr
33,106,0.869,rr
33,108,0.844,rr
33,110,0.909,rr
33,112,0.886,rr
33,114,0.836,rr
33,116,0.915,rr
33,118,0.894,rr
33,120,0.906,rr
33,122,0.88,rr
33,124,0.899,rr
33,126,0.841,rr
33,128,0.94,rr
33,130,0.86,rr
33,132,0.911,rr
33,134,0.9,rr
33,136,0.89,rr
33,138,0.9,rr
33,140,0.873,rr
33,142,0.908,rr
33,144,0.846,rr
33,146,0.895,rr
33,148,0.929,rr
33,150,0.862,rr
33,152,0.877,rr
33,154,0.891,rr
33,156,0.845,rr
33,158,0.839,rr
33,160,0.863,rr
33,162,0.904,rr
33,164,0.832,rr
33,166,0.903,rr
33,168,0.896,rr
33,170,0.879,rr
33,172,0.847,rr
33,174,0.874,rr
33,176,0.843,rr
33,178,0.896,rr
33,180,0.861,rr
33,182,0.878,rr
33,184,0.841,rr
33,186,0.853,rr
33,188,0.885,rr
33,190,0.868,rr
33,192,0.87,rr
33,194,0.853,rr
33,196,0.844,rr
33,198,0.875,rr
33,200,0.856,rr
34,68,0.923,rr
34,70,0.941,rr
34,72,0.907,rr
34,74,0.917,rr
34,76,0.939,rr
34,78,0.916,rr
34,80,0.937,rr
34,82,0.84,rr
34,84,0.897,rr
34,86,0.869,rr
34,88,0.891,rr
34,90,0.936,rr
34,92,0.861,rr
34,94,0.924,rr
34,96,0.88,rr
34,98,0.908,rr
34,100,0.915,rr
34,102,0.924,rr
34,104,0.885,rr
34,106,0.912,rr
34,108,0.897,rr
34,110,0.917,rr
34,112,0.844,rr
34,114,0.872,rr
34,116,0.894,rr
34,118,0.966,rr
34,120,0.914,rr
34,122,0.899,rr
34,124,0.865,rr
34,126,0.921,rr
34,128,0.926,rr
34,130,0.918,rr
34,132,0.914,rr
34,134,0.863,rr
34,136,0.848,rr
34,138,0.905,rr
34,140,0.873,rr
34,142,0.88,rr
34,144,0.893,rr
34,146,0.908,rr
34,148,0.86,rr
34,150,0.877,rr
34,152,0.917,rr
34,154,0.889,rr
34,156,0.803,rr
34,158,0.879,rr
34,160,0.935,rr
34,162,0.927,rr
34,164,0.861,rr
34,166,0.879,rr
34,168,0.848,rr
34,170,0.898,rr
34,172,0.88,rr
34,174,0.913,rr
34,176,0.891,rr
34,178,0.893,rr
34,180,0.866,rr
34,182,0.858,rr
34,184,0.904,rr
34,186,0.881,rr
34,188,0.871,rr
34,190,0.896,rr
34,192,0.894,rr
34,194,0.877,rr
34,196,0.857,rr
34,198,0.833,rr
34,200,0.88,rr
35,70,0.942,rr
35,72,0.899,rr
35,74,0.966,rr
35,76,0.907,rr
35,78,0.893,rr
35,80,0.93,rr
35,82,0.889,rr
35,84,0.881,rr
35,86,0.886,rr
35,88,0.931,rr
35,90,0.844,rr
35,92,0.916,rr
35,94,0.851,rr
35,96,0.893,rr
35,98,0.882,rr
35,100,0.861,rr
35,102,0.887,rr
35,104,0.854,rr
35,106,0.926,rr
35,108,0.844,rr
35,110,0.906,rr
35,112,0.885,rr
35,114,0.891,rr
35,116,0.875,rr
35,118,0.942,rr
35,120,0.834,rr
35,122,0.906,rr
35,124,0.926,rr
35,126,0.887,rr
35,128,0.912,rr
35,130,0.913,rr
35,132,0.91,rr
35,134,0.92,rr
35,136,0.846,rr
35,138,0.866,rr
35,140,0.866,rr
35,142,0.91,rr
35,144,0.888,rr
35,146,0.89,rr
35,148,0.904,rr
35,150,0.893,rr
35,152,0.894,rr
35,154,0.802,rr
35,156,0.855,rr
35,158,0.874,rr
35,160,0.887,rr
35,162,0.896,rr
35,164,0.878,rr
35,166,0.895,rr
35,168,0.884,rr
35,170,0.838,rr
35,172,0.882,rr
35,174,0.895,rr
35,176,0.877,rr
35,178,0.875,rr
35,180,0.875,rr
35,182,0.863,rr
35,184,0.936,rr
35,186,0.886,rr
35,188,0.897,rr
35,190,0.943,rr
35,192,0.914,rr
35,194,0.905,rr
35,196,0.933,rr
35,198,0.872,rr
35,200,0.827,rr
36,72,0.891,rr
36,74,0.947,rr
36,76,0.929,rr
36,78,0.941,rr
36,80,0.896,rr
36,82,0.916,rr
36,84,0.904,rr
36,86,0.871,rr
36,88,0.918,rr
36,90,0.92,rr
36,92,0.911,rr
36,94,0.948,rr
36,96,0.876,rr
36,98,0.898,rr
36,100,0.895,rr
36,102,0.934,rr
36,104,0.912,rr
36,106,0.894,rr
36,108,0.921,rr
36,110,0.905,rr
36,112,0.91,rr
36,114,0.898,rr
36,116,0.91,rr
36,118,0.891,rr
36,120,0.91,rr
36,122,0.922,rr
36,124,0.907,rr
36,126,0.916,rr
36,128,0.892,rr
36,130,0.901,rr
36,132,0.875,rr
36,134,0.897,rr
36,136,0.898,rr
36,138,0.945,rr
36,140,0.915,rr
36,142,0.851,rr
36,144,0.876,rr
36,146,0.91,rr
36,148,0.843,rr
36,150,0.917,rr
36,152,0.894,rr
36,154,0.84,rr
36,156,0.893,rr
36,158,0.868,rr
36,160,0.863,rr
36,162,0.88,rr
36,164,0.854,rr
36,166,0.866,rr
36,168,0.846,rr
36,170,0.858,rr
36,172,0.872,rr
36,174,0.888,rr
36,176,0.883,rr
36,178,0.891,rr
36,180,0.907,rr
36,182,0.873,rr
36,184,0.872,rr
36,186,0.866,rr
36,188,0.871,rr
36,190,0.867,rr
36,192,0.919,rr
36,194,0.897,rr
36,196,0.898,rr
36,198,0.88,rr
36,200,0.887,rr
37,74,0.93,rr
37,76,0.925,rr
37,78,0.9,rr
37,80,0.954,rr
37,82,0.907,rr
37,84,0.944,rr
37,86,0.906,rr
37,88,0.912,rr
37,90,0.901,rr
37,92,0.891,rr
37,94,0.932,rr
37,96,0.891,rr
37,98,0.886,rr
37,100,0.906,rr
37,102,0.894,rr
37,104,0.922,rr
37,106,0.88,rr
37,108,0.909,rr
37,110,0.909,rr
37,112,0.906,rr
37,114,0.887,rr
37,116,0.918,rr
37,118,0.883,rr
37,120,0.898,rr
37,122,0.898,rr
37,124,0.87,rr
37,126,0.948,rr
37,128,0.948,rr
37,130,0.9,rr
37,132,0.899,rr
37,134,0.917,rr
37,136,0.927,rr
37,138,0.921,rr
37,140,0.901,rr
37,142,0.913,rr
37,144,0.89,rr
37,146,0.913,rr
37,148,0.912,rr
37,150,0.893,rr
37,152,0.882,rr
37,154,0.911,rr
37,156,0.886,rr
37,158,0.935,rr
37,160,0.9,rr
37,162,0.925,rr
37,164,0.871,rr
37,166,0.921,rr
37,168,0.947,rr
37,170,0.894,rr
37,172,0.903,rr
37,174,0.843,rr
37,176,0.901,rr
37,178,0.91,rr
37,180,0.914,rr
37,182,0.858,rr
37,184,0.896,rr
37,186,0.965,rr
37,188,0.891,rr
37,190,0.9,rr
37,192,0.918,rr
37,194,0.842,rr
37,196,0.872,rr
37,198,0.89,rr
37,200,0.896,rr
38,76,0.944,rr
38,78,0.932,rr
38,80,0.909,rr
38,82,0.935,rr
38,84,0.918,rr
38,86,0.942,rr
38,88,0.903,rr
38,90,0.9,rr
38,92,0.891,rr
38,94,0.891,rr
38,96,0.902,rr
38,98,0.903,rr
38,100,0.944,rr
38,102,0.903,rr
38,104,0.918,rr
38,106,0.9,rr
38,108,0.903,rr
38,110,0.925,rr
38,112,0.921,rr
38,114,0.899,rr
38,116,0.888,rr
38,118,0.878,rr
38,120,0.921,rr
38,122,0.89,rr
38,124,0.902,rr
38,126,0.911,rr
38,128,0.914,rr
38,130,0.861,rr
38,132,0.909,rr
38,134,0.895,rr
38,136,0.888,rr
38,138,0.948,rr
38,140,0.904,rr
38,142,0.901,rr
38,144,0.901,rr
38,146,0.894,rr
38,148,0.917,rr
38,150,0.908,rr
38,152,0.845,rr
38,154,0.933,rr
38,156,0.909,rr
38,158,0.902,rr
38,160,0.902,rr
38,162,0.9,rr
38,164,0.88,rr
38,166,0.888,rr
38,168,0.906,rr
38,170,0.911,rr
38,172,0.869,rr
38,174,0.893,rr
38,176,0.875,rr
38,178,0.832,rr
38,180,0.929,rr
38,182,0.88,rr
38,184,0.857,rr
38,186,0.871,rr
38,188,0.868,rr
38,190,0.915,rr
38,192,0.934,rr
38,194,0.899,rr
38,196,0.913,rr
38,198,0.915,rr
38,200,0.949,rr
39,78,0.911,rr
39,80,0.944,rr
39,82,0.922,rr
39,84,0.937,rr
39,86,0.921,rr
39,88,0.93,rr
39,90,0.939,rr
39,92,0.931,rr
39,94,0.916,rr
39,96,0.893,rr
39,98,0.917,rr
39,100,0.928,rr
39,102,0.891,rr
39,104,0.941,rr
39,106,0.902,rr
39,108,0.938,rr
39,110,0.885,rr
39,112,0.911,rr
39,114,0.898,rr
39,116,0.89,rr
39,118,0.905,rr
39,120,0.895,rr
39,122,0.876,rr
39,124,0.901,rr
39,126,0.894,rr
39,128,0.895,rr
39,130,0.909,rr
39,132,0.911,rr
39,134,0.901,rr
39,136,0.918,rr
39,138,0.896,rr
39,140,0.881,rr
39,142,0.947,rr
39,144,0.909,rr
39,146,0.901,rr
39,148,0.877,rr
39,150,0.905,rr
39,152,0.864,rr
39,154,0.901,rr
39,156,0.891,rr
39,158,0.855,rr
39,160,0.893,rr
39,162,0.88,rr
39,164,0.886,rr
39,166,0.916,rr
39,168,0.926,rr
39,170,0.913,rr
39,172,0.919,rr
39,174,0.862,rr
39,176,0.907,rr
39,178,0.892,rr
39,180,0.867,rr
39,182,0.894,rr
39,184,0.904,rr
39,186,0.893,rr
39,188,0.912,rr
39,190,0.866,rr
39,192,0.917,rr
39,194,0.873,rr
39,196,0.929,rr
39,198,0.88,rr
39,200,0.873,rr
40,80,0.948,rr
40,82,0.884,rr
40,84,0.916,rr
40,86,0.885,rr
40,88,0.947,rr
40,90,0.925,rr
40,92,0.922,rr
40,94,0.946,rr
40,96,0.889,rr
40,98,0.916,rr
40,100,0.915,rr
40,102,0.896,rr
40,104,0.905,rr
40,106,0.901,rr
40,108,0.934,rr
40,110,0.941,rr
40,112,0.906,rr
40,114,0.928,rr
40,116,0.914,rr
40,118,0.848,rr
40,120,0.9,rr
40,122,0.91,rr
40,124,0.885,rr
40,126,0.88,rr
40,128,0.875,rr
40,130,0.899,rr
40,132,0.92,rr
40,134,0.896,rr
40,136,0.882,rr
40,138,0.885,rr
40,140,0.896,rr
40,142,0.904,rr
40,144,0.892,rr
40,146,0.89,rr
40,148,0.906,rr
40,150,0.905,rr
40,152,0.854,rr
40,154,0.944,rr
40,156,0.894,rr
40,158,0.875,rr
40,160,0.863,rr
40,162,0.884,rr
40,164,0.87,rr
40,166,0.862,rr
40,168,0.92,rr
40,170,0.933,rr
40,172,0.897,rr
40,174,0.861,rr
40,176,0.88,rr
40,178,0.889,rr
40,180,0.896,rr
40,182,0.888,rr
40,184,0.874,rr
40,186,0.893,rr
40,188,0.958,rr
40,190,0.914,rr
40,192,0.875,rr
40,194,0.892,rr
40,196,0.91,rr
40,198,0.875,rr
40,200,0.846,rr
41,82,0.936,rr
41,84,0.917,rr
41,86,0.932,rr
41,88,0.894,rr
41,90,0.92,rr
41,92,0.932,rr
41,94,0.933,rr
41,96,0.91,rr
41,98,0.886,rr
41,100,0.931,rr
41,102,0.925,rr
41,104,0.902,rr
41,106,0.929,rr
41,108,0.929,rr
41,110,0.92,rr
41,112,0.901,rr
41,114,0.939,rr
41,116,0.915,rr
41,118,0.942,rr
41,120,0.937,rr
41,122,0.959,rr
41,124,0.848,rr
41,126,0.938,rr
41,128,0.902,rr
41,130,0.937,rr
41,132,0.875,rr
41,134,0.931,rr
41,136,0.893,rr
41,138,0.923,rr
41,140,0.913,rr
41,142,0.901,rr
41,144,0.937,rr
41,146,0.903,rr
41,148,0.915,rr
41,150,0.907,rr
41,152,0.902,rr
41,154,0.903,rr
41,156,0.895,rr
41,158,0.935,rr
41,160,0.901,rr
41,162,0.911,rr
41,164,0.912,rr
41,166,0.908,rr
41,168,0.911,rr
41,170,0.908,rr
41,172,0.902,rr
41,174,0.945,rr
41,176,0.904,rr
41,178,0.917,rr
41,180,0.907,rr
41,182,0.896,rr
41,184,0.899,rr
41,186,0.873,rr
41,188,0.9,rr
41,190,0.834,rr
41,192,0.853,rr
41,194,0.887,rr
41,196,0.886,rr
41,198,0.886,rr
41,200,0.893,rr
42,84,0.893,rr
42,86,0.926,rr
42,88,0.926,rr
42,90,0.873,rr
42,92,0.9,rr
42,94,0.922,rr
42,96,0.944,rr
42,98,0.931,rr
42,100,0.93,rr
42,102,0.907,rr
42,104,0.89,rr
42,106,0.923,rr
42,108,0.934,rr
42,110,0.936,rr
42,112,0.946,rr
42,114,0.929,rr
42,116,0.917,rr
42,118,0.851,rr
42,120,0.896,rr
42,122,0.899,rr
42,124,0.887,rr
42,126,0.854,rr
42,128,0.863,rr
42,130,0.929,rr
42,132,0.916,rr
42,134,0.876,rr
42,136,0.892,rr
42,138,0.917,rr
42,140,0.919,rr
42,142,0.86,rr
42,144,0.89,rr
42,146,0.894,rr
42,148,0.888,rr
42,150,0.907,rr
42,152,0.861,rr
42,154,0.887,rr
42,156,0.91,rr
42,158,0.852,rr
42,160,0.929,rr
42,162,0.872,rr
42,164,0.912,rr
42,166,0.901,rr
42,168,0.883,rr
42,170,0.901,rr
42,172,0.893,rr
42,174,0.897,rr
42,176,0.957,rr
42,178,0.883,rr
42,180,0.883,rr
42,182,0.888,rr
42,184,0.89,rr
42,186,0.881,rr
42,188,0.897,rr
42,190,0.879,rr
42,192,0.942,rr
42,194,0.862,rr
42,196,0.91,rr
42,198,0.847,rr
42,200,0.866,rr
43,86,0.924,rr
43,88,0.903,rr
43,90,0.958,rr
43,92,0.917,rr
43,94,0.94,rr
43,96,0.902,rr
43,98,0.929,rr
43,100,0.924,rr
43,102,0.948,rr
43,104,0.935,rr
43,106,0.914,rr
43,108,0.93,rr
43,110,0.911,rr
43,112,0.919,rr
43,114,0.916,rr
43,116,0.96,rr
43,118,0.956,rr
43,120,0.918,rr
43,122,0.919,rr
43,124,0.876,rr
43,126,0.881,rr
43,128,0.955,rr
43,130,0.871,rr
43,132,0.944,rr
43,134,0.931,rr
43,136,0.916,rr
43,138,0.912,rr
43,140,0.874,rr
43,142,0.913,rr
43,144,0.918,rr
43,146,0.946,rr
43,148,0.9,rr
43,150,0.923,rr
43,152,0.887,rr
43,154,0.853,rr
43,156,0.927,rr
43,158,0.89,rr
43,160,0.9,rr
43,162,0.858,rr
43,164,0.929,rr
43,166,0.909,rr
43,168,0.88,rr
43,170,0.91,rr
43,172,0.861,rr
43,174,0.89,rr
43,176,0.955,rr
43,178,0.95,rr
43,180,0.872,rr
43,182,0.88,rr
43,184,0.872,rr
43,186,0.846,rr
43,188,0.88,rr
43,190,0.933,rr
43,192,0.895,rr
43,194,0.927,rr
43,196,0.872,rr
43,198,0.899,rr
43,200,0.917,rr
44,88,0.912,rr
44,90,0.908,rr
44,92,0.906,rr
44,94,0.908,rr
44,96,0.906,rr
44,98,0.919,rr
44,100,0.935,rr
44,102,0.907,rr
44,104,0.893,rr
44,106,0.9,rr
44,108,0.878,rr
44,110,0.89,rr
44,112,0.94,rr
44,114,0.956,rr
44,116,0.906,rr
44,118,0.905,rr
44,120,0.897,rr
44,122,0.894,rr
44,124,0.943,rr
44,126,0.885,rr
44,128,0.893,rr
44,130,0.877,rr
44,132,0.889,rr
44,134,0.91,rr
44,136,0.899,rr
44,138,0.885,rr
44,140,0.869,rr
44,142,0.912,rr
44,144,0.865,rr
44,146,0.832,rr
44,148,0.883,rr
44,150,0.893,rr
44,152,0.867,rr
44,154,0.921,rr
44,156,0.912,rr
44,158,0.891,rr
44,160,0.885,rr
44,162,0.928,rr
44,164,0.897,rr
44,166,0.892,rr
44,168,0.921,rr
44,170,0.904,rr
44,172,0.895,rr
44,174,0.907,rr
44,176,0.918,rr
44,178,0.906,rr
44,180,0.894,rr
44,182,0.875,rr
44,184,0.874,rr
44,186,0.881,rr
44,188,0.869,rr
44,190,0.891,rr
44,192,0.9,rr
44,194,0.895,rr
44,196,0.933,rr
44,198,0.939,rr
44,200,0.855,rr
45,90,0.92,rr
45,92,0.926,rr
45,94,0.946,rr
45,96,0.863,rr
45,98,0.895,rr
45,100,0.933,rr
45,102,0.891,rr
45,104,0.9,rr
45,106,0.933,rr
45,108,0.923,rr
45,110,0.921,rr
45,112,0.915,rr
45,114,0.877,rr
45,116,0.903,rr
45,118,0.911,rr
45,120,0.894,rr
45,122,0.891,rr
45,124,0.922,rr
45,126,0.878,rr
45,128,0.929,rr
45,130,0.892,rr
45,132,0.913,rr
45,134,0.883,rr
45,136,0.882,rr
45,138,0.958,rr
45,140,0.925,rr
45,142,0.846,rr
45,144,0.906,rr
45,146,0.917,rr
45,148,0.954,rr
45,150,0.925,rr
45,152,0.911,rr
45,154,0.888,rr
45,156,0.933,rr
45,158,0.908,rr
45,160,0.917,rr
45,162,0.87,rr
45,164,0.875,rr
45,166,0.915,rr
45,168,0.896,rr
45,170,0.871,rr
45,172,0.893,rr
45,174,0.944,rr
45,176,0.88,rr
45,178,0.957,rr
45,180,0.922,rr
45,182,0.904,rr
45,184,0.878,rr
45,186,0.926,rr
45,188,0.908,rr
45,190,0.922,rr
45,192,0.895,rr
45,194,0.957,rr
45,196,0.89,rr
45,198,0.858,rr
45,200,0.883,rr
46,92,0.933,rr
46,94,0.894,rr
46,96,0.912,rr
46,98,0.941,rr
46,100,0.951,rr
46,102,0.919,rr
46,104,0.873,rr
46,106,0.859,rr
46,108,0.944,rr
46,110,0.883,rr
46,112,0.899,rr
46,114,0.893,rr
46,116,0.888,rr
46,118,0.933,rr
46,120,0.909,rr
46,122,0.945,rr
46,124,0.921,rr
46,126,0.923,rr
46,128,0.885,rr
46,130,0.873,rr
46,132,0.879,rr
46,134,0.904,rr
46,136,0.893,rr
46,138,0.909,rr
46,140,0.934,rr
46,142,0.897,rr
46,144,0.872,rr
46,146,0.894,rr
46,148,0.917,rr
46,150,0.916,rr
46,152,0.894,rr
46,154,0.924,rr
46,156,0.886,rr
46,158,0.887,rr
46,160,0.959,rr
46,162,0.939,rr
46,164,0.857,rr
46,166,0.869,rr
46,168,0.926,rr
46,170,0.942,rr
46,172,0.872,rr
46,174,0.921,rr
46,176,0.899,rr
46,178,0.899,rr
46,180,0.911,rr
46,182,0.93,rr
46,184,0.886,rr
46,186,0.888,rr
46,188,0.873,rr
46,190,0.902,rr
46,192,0.885,rr
46,194,0.892,rr
46,196,0.817,rr
46,198,0.922,rr
46,200,0.906,rr
47,94,0.882,rr
47,96,0.938,rr
47,98,0.926,rr
47,100,0.931,rr
47,102,0.942,rr
47,104,0.874,rr
47,106,0.916,rr
47,108,0.893,rr
47,110,0.928,rr
47,112,0.905,rr
47,114,0.925,rr
47,116,0.915,rr
47,118,0.9,rr
47,120,0.91,rr
47,122,0.936,rr
47,124,0.91,rr
47,126,0.929,rr
47,128,0.906,rr
47,130,0.913,rr
47,132,0.893,rr
47,134,0.931,rr
47,136,0.93,rr
47,138,0.897,rr
47,140,0.886,rr
47,142,0.944,rr
47,144,0.937,rr
47,146,0.877,rr
47,148,0.92,rr
47,150,0.881,rr
47,152,0.909,rr
47,154,0.955,rr
47,156,0.931,rr
47,158,0.935,rr
47,160,0.908,rr
47,162,0.898,rr
47,164,0.888,rr
47,166,0.878,rr
47,168,0.898,rr
47,170,0.949,rr
47,172,0.956,rr
47,174,0.914,rr
47,176,0.899,rr
47,178,0.895,rr
47,180,0.902,rr
47,182,0.892,rr
47,184,0.887,rr
47,186,0.923,rr
47,188,0.88,rr
47,190,0.926,rr
47,192,0.889,rr
47,194,0.889,rr
47,196,0.886,rr
47,198,0.905,rr
47,200,0.917,rr
48,96,0.954,rr
48,98,0.93,rr
48,100,0.908,rr
48,102,0.905,rr
48,104,0.916,rr
48,106,0.933,rr
48,108,0.93,rr
48,110,0.937,rr
48,112,0.926,rr
48,114,0.882,rr
48,116,0.911,rr
48,118,0.877,rr
48,120,0.898,rr
48,122,0.924,rr
48,124,0.916,rr
48,126,0.909,rr
48,128,0.95,rr
48,130,0.923,rr
48,132,0.919,rr
48,134,0.9,rr
48,136,0.942,rr
48,138,0.949,rr
48,140,0.883,rr
48,142,0.912,rr
48,144,0.885,rr
48,146,0.859,rr
48,148,0.865,rr
48,150,0.891,rr
48,152,0.908,rr
48,154,0.92,rr
48,156,0.904,rr
48,158,0.928,rr
48,160,0.938,rr
48,162,0.897,rr
48,164,0.905,rr
48,166,0.886,rr
48,168,0.934,rr
48,170,0.915,rr
48,172,0.913,rr
48,174,0.88,rr
48,176,0.896,rr
48,178,0.899,rr
48,180,0.91,rr
48,182,0.856,rr
48,184,0.944,rr
48,186,0.934,rr
48,188,0.919,rr
48,190,0.908,rr
48,192,0.866,rr
48,194,0.892,rr
48,196,0.95,rr
48,198,0.937,rr
48,200,0.92,rr
49,98,0.928,rr
49,100,0.923,rr
49,102,0.918,rr
49,104,0.92,rr
49,106,0.919,rr
49,108,0.884,rr
49,110,0.937,rr
49,112,0.915,rr
49,114,0.936,rr
49,116,0.931,rr
49,118,0.912,rr
49,120,0.931,rr
49,122,0.896,rr
49,124,0.946,rr
49,126,0.884,rr
49,128,0.939,rr
49,130,0.882,rr
49,132,0.903,rr
49,134,0.903,rr
49,136,0.905,rr
49,138,0.936,rr
49,140,0.944,rr
49,142,0.892,rr
49,144,0.93,rr
49,146,0.872,rr
49,148,0.891,rr
49,150,0.888,rr
49,152,0.939,rr
49,154,0.88,rr
49,156,0.885,rr
49,158,0.906,rr
49,160,0.884,rr
49,162,0.944,rr
49,164,0.891,rr
49,166,0.896,rr
49,168,0.92,rr
49,170,0.908,rr
49,172,0.919,rr
49,174,0.907,rr
49,176,0.918,rr
49,178,0.928,rr
49,180,0.895,rr
49,182,0.895,rr
49,184,0.901,rr
49,186,0.903,rr
49,188,0.878,rr
49,190,0.951,rr
49,192,0.953,rr
49,194,0.953,rr
49,196,0.948,rr
49,198,0.88,rr
49,200,0.904,rr
50,100,0.936,rr
50,102,0.951,rr
50,104,0.943,rr
50,106,0.909,rr
50,108,0.945,rr
50,110,0.923,rr
50,112,0.868,rr
50,114,0.928,rr
50,116,0.927,rr
50,118,0.905,rr
50,120,0.935,rr
50,122,0.948,rr
50,124,0.938,rr
50,126,0.918,rr
50,128,0.946,rr
50,130,0.917,rr
50,132,0.933,rr
50,134,0.919,rr
50,136,0.878,rr
50,138,0.907,rr
50,140,0.909,rr
50,142,0.912,rr
50,144,0.93,rr
50,146,0.925,rr
50,148,0.931,rr
50,150,0.911,rr
50,152,0.899,rr
50,154,0.912,rr
50,156,0.911,rr
50,158,0.889,rr
50,160,0.892,rr
50,162,0.903,rr
50,164,0.929,rr
50,166,0.952,rr
50,168,0.886,rr
50,170,0.952,rr
50,172,0.902,rr
50,174,0.889,rr
50,176,0.913,rr
50,178,0.899,rr
50,180,0.905,rr
50,182,0.909,rr
50,184,0.887,rr
50,186,0.886,rr
50,188,0.886,rr
50,190,0.898,rr
50,192,0.958,rr
50,194,0.888,rr
50,196,0.889,rr
50,198,0.905,rr
50,200,0.922,rr
51,102,0.932,rr
51,104,0.939,rr
51,106,0.94,rr
51,108,0.889,rr
51,110,0.954,rr
51,112,0.929,rr
51,114,0.929,rr
51,116,0.939,rr
51,118,0.94,rr
51,120,0.918,rr
51,122,0.938,rr
51,124,0.932,rr
51,126,0.927,rr
51,128,0.898,rr
51,130,0.935,rr
51,132,0.915,rr
51,134,0.89,rr
51,136,0.924,rr
51,138,0.914,rr
51,140,0.925,rr
51,142,0.921,rr
51,144,0.89,rr
51,146,0.915,rr
51,148,0.88,rr
51,150,0.946,rr
51,152,0.878,rr
51,154,0.913,rr
51,156,0.949,rr
51,158,0.887,rr
51,160,0.88,rr
51,162,0.9,rr
51,164,0.948,rr
51,166,0.911,rr
51,168,0.893,rr
51,170,0.891,rr
51,172,0.884,rr
51,174,0.882,rr
51,176,0.891,rr
51,178,0.908,rr
51,180,0.87,rr
51,182,0.928,rr
51,184,0.913,rr
51,186,0.886,rr
51,188,0.865,rr
51,190,0.948,rr
51,192,0.877,rr
51,194,0.881,rr
51,196,0.917,rr
51,198,0.919,rr
51,200,0.953,rr
52,104,0.921,rr
52,106,0.935,rr
52,108,0.937,rr
52,110,0.927,rr
52,112,0.914,rr
52,114,0.921,rr
52,116,0.934,rr
52,118,0.924,rr
52,120,0.897,rr
52,122,0.893,rr
52,124,0.903,rr
52,126,0.947,rr
52,128,0.88,rr
52,130,0.906,rr
52,132,0.936,rr
52,134,0.924,rr
52,136,0.927,rr
52,138,0.951,rr
52,140,0.908,rr
52,142,0.902,rr
52,144,0.921,rr
52,146,0.901,rr
52,148,0.883,rr
52,150,0.881,rr
52,152,0.929,rr
52,154,0.955,rr
52,156,0.921,rr
52,158,0.916,rr
52,160,0.879,rr
52,162,0.904,rr
52,164,0.859,rr
52,166,0.925,rr
52,168,0.902,rr
52,170,0.878,rr
52,172,0.873,rr
52,174,0.94,rr
52,176,0.92,rr
52,178,0.905,rr
52,180,0.935,rr
52,182,0.934,rr
52,184,0.863,rr
52,186,0.942,rr
52,188,0.917,rr
52,190,0.925,rr
52,192,0.909,rr
52,194,0.903,rr
52,196,0.932,rr
52,198,0.907,rr
52,200,0.947,rr
53,106,0.943,rr
53,108,0.928,rr
53,110,0.939,rr
53,112,0.944,rr
53,114,0.948,rr
53,116,0.931,rr
53,118,0.955,rr
53,120,0.917,rr
53,122,0.938,rr
53,124,0.936,rr
53,126,0.92,rr
53,128,0.922,rr
53,130,0.935,rr
53,132,0.928,rr
53,134,0.884,rr
53,136,0.922,rr
53,138,0.889,rr
53,140,0.93,rr
53,142,0.907,rr
53,144,0.924,rr
53,146,0.91,rr
53,148,0.925,rr
53,150,0.904,rr
53,152,0.888,rr
53,154,0.91,rr
53,156,0.897,rr
53,158,0.908,rr
53,160,0.917,rr
53,162,0.861,rr
53,164,0.903,rr
53,166,0.889,rr
53,168,0.897,rr
53,170,0.902,rr
53,172,0.944,rr
53,174,0.878,rr
53,176,0.922,rr
53,178,0.867,rr
53,180,0.897,rr
53,182,0.917,rr
53,184,0.919,rr
53,186,0.948,rr
53,188,0.905,rr
53,190,0.95,rr
53,192,0.917,rr
53,194,0.903,rr
53,196,0.9,rr
53,198,0.89,rr
53,200,0.94,rr
54,108,0.913,rr
54,110,0.917,rr
54,112,0.929,rr
54,114,0.946,rr
54,116,0.948,rr
54,118,0.908,rr
54,120,0.945,rr
54,122,0.924,rr
54,124,0.901,rr
54,126,0.914,rr
54,128,0.956,rr
54,130,0.945,rr
54,132,0.92,rr
54,134,0.934,rr
54,136,0.931,rr
54,138,0.891,rr
54,140,0.957,rr
54,142,0.954,rr
54,144,0.884,rr
54,146,0.871,rr
54,148,0.901,rr
54,150,0.932,rr
54,152,0.899,rr
54,154,0.898,rr
54,156,0.946,rr
54,158,0.886,rr
54,160,0.925,rr
54,162,0.898,rr
54,164,0.868,rr
54,166,0.906,rr
54,168,0.948,rr
54,170,0.892,rr
54,172,0.907,rr
54,174,0.917,rr
54,176,0.893,rr
54,178,0.857,rr
54,180,0.913,rr
54,182,0.892,rr
54,184,0.892,rr
54,186,0.89,rr
54,188,0.938,rr
54,190,0.948,rr
54,192,0.915,rr
54,194,0.947,rr
54,196,0.947,rr
54,198,0.895,rr
54,200,0.888,rr
55,110,0.909,rr
55,112,0.959,rr
55,114,0.941,rr
55,116,0.935,rr
55,118,0.912,rr
55,120,0.931,rr
55,122,0.949,rr
55,124,0.93,rr
55,126,0.949,rr
55,128,0.905,rr
55,130,0.918,rr
55,132,0.914,rr
55,134,0.928,rr
55,136,0.937,rr
55,138,0.954,rr
55,140,0.917,rr
55,142,0.903,rr
55,144,0.921,rr
55,146,0.931,rr
55,148,0.955,rr
55,150,0.912,rr
55,152,0.907,rr
55,154,0.908,rr
55,156,0.937,rr
55,158,0.908,rr
55,160,0.928,rr
55,162,0.898,rr
55,164,0.915,rr
55,166,0.887,rr
55,168,0.873,rr
55,170,0.881,rr
55,172,0.918,rr
55,174,0.931,rr
55,176,0.918,rr
55,178,0.892,rr
55,180,0.904,rr
55,182,0.874,rr
55,184,0.886,rr
55,186,0.869,rr
55,188,0.886,rr
55,190,0.898,rr
55,192,0.889,rr
55,194,0.932,rr
55,196,0.922,rr
55,198,0.91,rr
55,200,0.859,rr
56,112,0.943,rr
56,114,0.927,rr
56,116,0.914,rr
56,118,0.946,rr
56,120,0.893,rr
56,122,0.955,rr
56,124,0.925,rr
56,126,0.929,rr
56,128,0.906,rr
56,130,0.96,rr
56,132,0.922,rr
56,134,0.945,rr
56,136,0.921,rr
56,138,0.904,rr
56,140,0.917,rr
56,142,0.896,rr
56,144,0.908,rr
56,146,0.89,rr
56,148,0.929,rr
56,150,0.948,rr
56,152,0.937,rr
56,154,0.899,rr
56,156,0.938,rr
56,158,0.922,rr
56,160,0.947,rr
56,162,0.916,rr
56,164,0.886,rr
56,166,0.907,rr
56,168,0.924,rr
56,170,0.928,rr
56,172,0.953,rr
56,174,0.88,rr
56,176,0.933,rr
56,178,0.916,rr
56,180,0.913,rr
56,182,0.933,rr
56,184,0.914,rr
56,186,0.944,rr
56,188,0.894,rr
56,190,0.948,rr
56,192,0.939,rr
56,194,0.942,rr
56,196,0.949,rr
56,198,0.879,rr
56,200,0.914,rr
57,114,0.931,rr
57,116,0.927,rr
57,118,0.88,rr
57,120,0.945,rr
57,122,0.944,rr
57,124,0.941,rr
57,126,0.939,rr
57,128,0.94,rr
57,130,0.926,rr
57,132,0.962,rr
57,134,0.914,rr
57,136,0.906,rr
57,138,0.926,rr
57,140,0.912,rr
57,142,0.893,rr
57,144,0.934,rr
57,146,0.957,rr
57,148,0.937,rr
57,150,0.895,rr
57,152,0.937,rr
57,154,0.942,rr
57,156,0.927,rr
57,158,0.919,rr
57,160,0.933,rr
57,162,0.929,rr
57,164,0.943,rr
57,166,0.877,rr
57,168,0.893,rr
57,170,0.922,rr
57,172,0.893,rr
57,174,0.909,rr
57,176,0.867,rr
57,178,0.932,rr
57,180,0.885,rr
57,182,0.922,rr
57,184,0.907,rr
57,186,0.947,rr
57,188,0.906,rr
57,190,0.9,rr
57,192,0.891,rr
57,194,0.897,rr
57,196,0.933,rr
57,198,0.904,rr
57,200,0.92,rr
58,116,0.963,rr
58,118,0.945,rr
58,120,0.894,rr
58,122,0.953,rr
58,124,0.911,rr
58,126,0.906,rr
58,128,0.934,rr
58,130,0.894,rr
58,132,0.906,rr
58,134,0.916,rr
58,136,0.924,rr
58,138,0.942,rr
58,140,0.942,rr
58,142,0.921,rr
58,144,0.913,rr
58,146,0.914,rr
58,148,0.929,rr
58,150,0.895,rr
58,152,0.894,rr
58,154,0.936,rr
58,156,0.908,rr
58,158,0.897,rr
58,160,0.902,rr
58,162,0.958,rr
58,164,0.95,rr
58,166,0.888,rr
58,168,0.893,rr
58,170,0.952,rr
58,172,0.914,rr
58,174,0.946,rr
58,176,0.917,rr
58,178,0.938,rr
58,180,0.927,rr
58,182,0.898,rr
58,184,0.936,rr
58,186,0.893,rr
58,188,0.949,rr
58,190,0.896,rr
58,192,0.916,rr
58,194,0.899,rr
58,196,0.902,rr
58,198,0.943,rr
58,200,0.935,rr
59,118,0.937,rr
59,120,0.943,rr
59,122,0.902,rr
59,124,0.946,rr
59,126,0.953,rr
59,128,0.921,rr
59,130,0.918,rr
59,132,0.932,rr
59,134,0.942,rr
59,136,0.914,rr
59,138,0.929,rr
59,140,0.949,rr
59,142,0.903,rr
59,144,0.916,rr
59,146,0.905,rr
59,148,0.91,rr
59,150,0.908,rr
59,152,0.921,rr
59,154,0.904,rr
59,156,0.944,rr
59,158,0.926,rr
59,160,0.922,rr
59,162,0.91,rr
59,164,0.927,rr
59,166,0.944,rr
59,168,0.926,rr
59,170,0.903,rr
59,172,0.925,rr
59,174,0.922,rr
59,176,0.901,rr
59,178,0.917,rr
59,180,0.924,rr
59,182,0.912,rr
59,184,0.903,rr
59,186,0.881,rr
59,188,0.941,rr
59,190,0.913,rr
59,192,0.922,rr
59,194,0.889,rr
59,196,0.918,rr
59,198,0.893,rr
59,200,0.875,rr
60,120,0.927,rr
60,122,0.939,rr
60,124,0.921,rr
60,126,0.94,rr
60,128,0.931,rr
60,130,0.932,rr
60,132,0.949,rr
60,134,0.923,rr
60,136,0.943,rr
60,138,0.924,rr
60,140,0.9,rr
60,142,0.921,rr
60,144,0.924,rr
60,146,0.906,rr
60,148,0.91,rr
60,150,0.95,rr
60,152,0.928,rr
60,154,0.931,rr
60,156,0.935,rr
60,158,0.901,rr
60,160,0.89,rr
60,162,0.877,rr
60,164,0.908,rr
60,166,0.906,rr
60,168,0.907,rr
60,170,0.868,rr
60,172,0.884,rr
60,174,0.904,rr
60,176,0.94,rr
60,178,0.912,rr
60,180,0.881,rr
60,182,0.93,rr
60,184,0.933,rr
60,186,0.932,rr
60,188,0.901,rr
60,190,0.912,rr
60,192,0.891,rr
60,194,0.926,rr
60,196,0.889,rr
60,198,0.908,rr
60,200,0.935,rr
61,122,0.923,rr
61,124,0.884,rr
61,126,0.949,rr
61,128,0.894,rr
61,130,0.926,rr
61,132,0.894,rr
61,134,0.919,rr
61,136,0.947,rr
61,138,0.921,rr
61,140,0.922,rr
61,142,0.926,rr
61,144,0.906,rr
61,146,0.895,rr
61,148,0.935,rr
61,150,0.937,rr
61,152,0.922,rr
61,154,0.964,rr
61,156,0.94,rr
61,158,0.897,rr
61,160,0.91,rr
61,162,0.948,rr
61,164,0.947,rr
61,166,0.897,rr
61,168,0.921,rr
61,170,0.922,rr
61,172,0.94,rr
61,174,0.904,rr
61,176,0.945,rr
61,178,0.904,rr
61,180,0.924,rr
61,182,0.929,rr
61,184,0.947,rr
61,186,0.924,rr
61,188,0.864,rr
61,190,0.948,rr
61,192,0.909,rr
61,194,0.955,rr
61,196,0.905,rr
61,198,0.887,rr
61,200,0.963,rr
62,124,0.938,rr
62,126,0.94,rr
62,128,0.922,rr
62,130,0.938,rr
62,132,0.938,rr
62,134,0.923,rr
62,136,0.892,rr
62,138,0.904,rr
62,140,0.939,rr
62,142,0.902,rr
62,144,0.944,rr
62,146,0.896,rr
62,148,0.953,rr
62,150,0.916,rr
62,152,0.918,rr
62,154,0.922,rr
62,156,0.937,rr
62,158,0.922,rr
62,160,0.908,rr
62,162,0.885,rr
62,164,0.909,rr
62,166,0.898,rr
62,168,0.946,rr
62,170,0.931,rr
62,172,0.893,rr
62,174,0.947,rr
62,176,0.907,rr
62,178,0.903,rr
62,180,0.942,rr
62,182,0.897,rr
62,184,0.91,rr
62,186,0.945,rr
62,188,0.941,rr
62,190,0.944,rr
62,192,0.933,rr
62,194,0.916,rr
62,196,0.935,rr
62,198,0.893,rr
62,200,0.896,rr
63,126,0.939,rr
63,128,0.938,rr
63,130,0.931,rr
63,132,0.932,rr
63,134,0.943,rr
63,136,0.929,rr
63,138,0.929,rr
63,140,0.931,rr
63,142,0.91,rr
63,144,0.923,rr
63,146,0.909,rr
63,148,0.938,rr
63,150,0.912,rr
63,152,0.94,rr
63,154,0.89,rr
63,156,0.905,rr
63,158,0.938,rr
63,160,0.915,rr
63,162,0.932,rr
63,164,0.938,rr
63,166,0.929,rr
63,168,0.908,rr
63,170,0.944,rr
63,172,0.947,rr
63,174,0.883,rr
63,176,0.929,rr
63,178,0.883,rr
63,180,0.888,rr
63,182,0.957,rr
63,184,0.876,rr
63,186,0.919,rr
63,188,0.915,rr
63,190,0.894,rr
63,192,0.93,rr
63,194,0.944,rr
63,196,0.875,rr
63,198,0.899,rr
63,200,0.949,rr
64,128,0.941,rr
64,130,0.94,rr
64,132,0.922,rr
64,134,0.922,rr
64,136,0.928,rr
64,138,0.925,rr
64,140,0.924,rr
64,142,0.919,rr
64,144,0.94,rr
64,146,0.905,rr
64,148,0.887,rr
64,150,0.948,rr
64,152,0.945,rr
64,154,0.89,rr
64,156,0.891,rr
64,158,0.896,rr
64,160,0.933,rr
64,162,0.929,rr
64,164,0.915,rr
64,166,0.952,rr
64,168,0.899,rr
64,170,0.893,rr
64,172,0.922,rr
64,174,0.937,rr
64,176,0.898,rr
64,178,0.891,rr
64,180,0.921,rr
64,182,0.891,rr
64,184,0.928,rr
64,186,0.912,rr
64,188,0.878,rr
64,190,0.9,rr
64,192,0.921,rr
64,194,0.941,rr
64,196,0.922,rr
64,198,0.938,rr
64,200,0.934,rr
65,130,0.911,rr
65,132,0.907,rr
65,134,0.932,rr
65,136,0.937,rr
65,138,0.94,rr
65,140,0.948,rr
65,142,0.904,rr
65,144,0.91,rr
65,146,0.914,rr
65,148,0.937,rr
65,150,0.905,rr
65,152,0.952,rr
65,154,0.893,rr
65,156,0.896,rr
65,158,0.916,rr
65,160,0.875,rr
65,162,0.929,rr
65,164,0.9,rr
65,166,0.943,rr
65,168,0.932,rr
65,170,0.897,rr
65,172,0.957,rr
65,174,0.91,rr
65,176,0.893,rr
65,178,0.951,rr
65,180,0.936,rr
65,182,0.921,rr
65,184,0.936,rr
65,186,0.938,rr
65,188,0.916,rr
65,190,0.908,rr
65,192,0.897,rr
65,194,0.937,rr
65,196,0.931,rr
65,198,0.889,rr
65,200,0.888,rr
66,132,0.924,rr
66,134,0.893,rr
66,136,0.887,rr
66,138,0.935,rr
66,140,0.929,rr
66,142,0.942,rr
66,144,0.898,rr
66,146,0.936,rr
66,148,0.919,rr
66,150,0.916,rr
66,152,0.946,rr
66,154,0.91,rr
66,156,0.909,rr
66,158,0.909,rr
66,160,0.93,rr
66,162,0.904,rr
66,164,0.882,rr
66,166,0.915,rr
66,168,0.917,rr
66,170,0.932,rr
66,172,0.935,rr
66,174,0.926,rr
66,176,0.914,rr
66,178,0.904,rr
66,180,0.939,rr
66,182,0.939,rr
66,184,0.907,rr
66,186,0.942,rr
66,188,0.89,rr
66,190,0.923,rr
66,192,0.932,rr
66,194,0.901,rr
66,196,0.928,rr
66,198,0.913,rr
66,200,0.922,rr
67,134,0.935,rr
67,136,0.95,rr
67,138,0.924,rr
67,140,0.942,rr
67,142,0.897,rr
67,144,0.851,rr
67,146,0.94,rr
67,148,0.94,rr
67,150,0.915,rr
67,152,0.935,rr
67,154,0.946,rr
67,156,0.942,rr
67,158,0.934,rr
67,160,0.932,rr
67,162,0.919,rr
67,164,0.92,rr
67,166,0.927,rr
67,168,0.916,rr
67,170,0.946,rr
67,172,0.936,rr
67,174,0.907,rr
67,176,0.896,rr
67,178,0.936,rr
67,180,0.914,rr
67,182,0.899,rr
67,184,0.898,rr
67,186,0.93,rr
67,188,0.944,rr
67,190,0.955,rr
67,192,0.909,rr
67,194,0.928,rr
67,196,0.897,rr
67,198,0.937,rr
67,200,0.897,rr
68,136,0.93,rr
68,138,0.909,rr
68,140,0.935,rr
68,142,0.949,rr
68,144,0.949,rr
68,146,0.907,rr
68,148,0.929,rr
68,150,0.901,rr
68,152,0.957,rr
68,154,0.932,rr
68,156,0.926,rr
68,158,0.909,rr
68,160,0.921,rr
68,162,0.921,rr
68,164,0.945,rr
68,166,0.947,rr
68,168,0.919,rr
68,170,0.927,rr
68,172,0.894,rr
68,174,0.894,rr
68,176,0.938,rr
68,178,0.898,rr
68,180,0.921,rr
68,182,0.9,rr
68,184,0.921,rr
68,186,0.935,rr
68,188,0.938,rr
68,190,0.9,rr
68,192,0.889,rr
68,194,0.953,rr
68,196,0.945,rr
68,198,0.928,rr
68,200,0.899,rr
69,138,0.902,rr
69,140,0.947,rr
69,142,0.917,rr
69,144,0.923,rr
69,146,0.908,rr
69,148,0.96,rr
69,150,0.883,rr
69,152,0.886,rr
69,154,0.916,rr
69,156,0.943,rr
69,158,0.896,rr
69,160,0.905,rr
69,162,0.932,rr
69,164,0.913,rr
69,166,0.895,rr
69,168,0.918,rr
69,170,0.932,rr
69,172,0.922,rr
69,174,0.937,rr
69,176,0.926,rr
69,178,0.885,rr
69,180,0.943,rr
69,182,0.901,rr
69,184,0.905,rr
69,186,0.912,rr
69,188,0.94,rr
69,190,0.9,rr
69,192,0.954,rr
69,194,0.873,rr
69,196,0.939,rr
69,198,0.879,rr
69,200,0.933,rr
70,140,0.931,rr
70,142,0.883,rr
70,144,0.947,rr
70,146,0.939,rr
70,148,0.959,rr
70,150,0.93,rr
70,152,0.911,rr
70,154,0.92,rr
70,156,0.908,rr
70,158,0.94,rr
70,160,0.926,rr
70,162,0.91,rr
70,164,0.942,rr
70,166,0.894,rr
70,168,0.894,rr
70,170,0.951,rr
70,172,0.952,rr
70,174,0.888,rr
70,176,0.914,rr
70,178,0.946,rr
70,180,0.934,rr
70,182,0.944,rr
70,184,0.939,rr
70,186,0.935,rr
70,188,0.916,rr
70,190,0.937,rr
70,192,0.921,rr
70,194,0.902,rr
70,196,0.941,rr
70,198,0.944,rr
70,200,0.874,rr
71,142,0.913,rr
71,144,0.903,rr
71,146,0.903,rr
71,148,0.912,rr
71,150,0.896,rr
71,152,0.93,rr
71,154,0.927,rr
71,156,0.905,rr
71,158,0.951,rr
71,160,0.928,rr
71,162,0.932,rr
71,164,0.94,rr
71,166,0.896,rr
71,168,0.91,rr
71,170,0.908,rr
71,172,0.921,rr
71,174,0.907,rr
71,176,0.91,rr
71,178,0.917,rr
71,180,0.939,rr
71,182,0.945,rr
71,184,0.924,rr
71,186,0.957,rr
71,188,0.879,rr
71,190,0.903,rr
71,192,0.935,rr
71,194,0.893,rr
71,196,0.943,rr
71,198,0.949,rr
71,200,0.891,rr
72,144,0.928,rr
72,146,0.923,rr
72,148,0.93,rr
72,150,0.907,rr
72,152,0.944,rr
72,154,0.938,rr
72,156,0.917,rr
72,158,0.93,rr
72,160,0.895,rr
72,162,0.908,rr
72,164,0.909,rr
72,166,0.938,rr
72,168,0.938,rr
72,170,0.902,rr
72,172,0.913,rr
72,174,0.889,rr
72,176,0.912,rr
72,178,0.936,rr
72,180,0.897,rr
72,182,0.948,rr
72,184,0.949,rr
72,186,0.945,rr
72,188,0.907,rr
72,190,0.907,rr
72,192,0.953,rr
72,194,0.932,rr
72,196,0.935,rr
72,198,0.921,rr
72,200,0.94,rr
73,146,0.924,rr
73,148,0.939,rr
73,150,0.887,rr
73,152,0.948,rr
73,154,0.932,rr
73,156,0.914,rr
73,158,0.95,rr
73,160,0.918,rr
73,162,0.947,rr
73,164,0.94,rr
73,166,0.89,rr
73,168,0.928,rr
73,170,0.934,rr
73,172,0.938,rr
73,174,0.939,rr
73,176,0.904,rr
73,178,0.902,rr
73,180,0.93,rr
73,182,0.898,rr
73,184,0.918,rr
73,186,0.901,rr
73,188,0.876,rr
73,190,0.932,rr
73,192,0.937,rr
73,194,0.897,rr
73,196,0.937,rr
73,198,0.899,rr
73,200,0.922,rr
74,148,0.904,rr
74,150,0.927,rr
74,152,0.88,rr
74,154,0.903,rr
74,156,0.914,rr
74,158,0.937,rr
74,160,0.931,rr
74,162,0.932,rr
74,164,0.917,rr
74,166,0.949,rr
74,168,0.923,rr
74,170,0.946,rr
74,172,0.921,rr
74,174,0.905,rr
74,176,0.93,rr
74,178,0.895,rr
74,180,0.935,rr
74,182,0.948,rr
74,184,0.94,rr
74,186,0.93,rr
74,188,0.898,rr
74,190,0.927,rr
74,192,0.94,rr
74,194,0.901,rr
74,196,0.926,rr
74,198,0.919,rr
74,200,0.926,rr
75,150,0.933,rr
75,152,0.92,rr
75,154,0.92,rr
75,156,0.914,rr
75,158,0.945,rr
75,160,0.938,rr
75,162,0.916,rr
75,164,0.884,rr
75,166,0.891,rr
75,168,0.925,rr
75,170,0.937,rr
75,172,0.894,rr
75,174,0.905,rr
75,176,0.934,rr
75,178,0.952,rr
75,180,0.935,rr
75,182,0.922,rr
75,184,0.955,rr
75,186,0.921,rr
75,188,0.946,rr
75,190,0.948,rr
75,192,0.913,rr
75,194,0.957,rr
75,196,0.909,rr
75,198,0.936,rr
75,200,0.95,rr
76,152,0.921,rr
76,154,0.951,rr
76,156,0.933,rr
76,158,0.936,rr
76,160,0.909,rr
76,162,0.903,rr
76,164,0.941,rr
76,166,0.909,rr
76,168,0.94,rr
76,170,0.953,rr
76,172,0.924,rr
76,174,0.916,rr
76,176,0.914,rr
76,178,0.926,rr
76,180,0.945,rr
76,182,0.933,rr
76,184,0.939,rr
76,186,0.9,rr
76,188,0.927,rr
76,190,0.948,rr
76,192,0.89,rr
76,194,0.919,rr
76,196,0.924,rr
76,198,0.912,rr
76,200,0.912,rr
77,154,0.934,rr
77,156,0.904,rr
77,158,0.928,rr
77,160,0.906,rr
77,162,0.928,rr
77,164,0.917,rr
77,166,0.926,rr
77,168,0.929,rr
77,170,0.929,rr
77,172,0.919,rr
77,174,0.915,rr
77,176,0.929,rr
77,178,0.894,rr
77,180,0.913,rr
77,182,0.913,rr
77,184,0.928,rr
77,186,0.935,rr
77,188,0.927,rr
77,190,0.923,rr
77,192,0.884,rr
77,194,0.944,rr
77,196,0.93,rr
77,198,0.931,rr
77,200,0.957,rr
78,156,0.915,rr
78,158,0.952,rr
78,160,0.909,rr
78,162,0.907,rr
78,164,0.892,rr
78,166,0.918,rr
78,168,0.909,rr
78,170,0.951,rr
78,172,0.909,rr
78,174,0.882,rr
78,176,0.907,rr
78,178,0.908,rr
78,180,0.931,rr
78,182,0.921,rr
78,184,0.899,rr
78,186,0.902,rr
78,188,0.894,rr
78,190,0.939,rr
78,192,0.961,rr
78,194,0.956,rr
78,196,0.946,rr
78,198,0.94,rr
78,200,0.953,rr
79,158,0.912,rr
79,160,0.923,rr
79,162,0.943,rr
79,164,0.938,rr
79,166,0.933,rr
79,168,0.943,rr
79,170,0.944,rr
79,172,0.924,rr
79,174,0.906,rr
79,176,0.9,rr
79,178,0.948,rr
79,180,0.907,rr
79,182,0.944,rr
79,184,0.876,rr
79,186,0.905,rr
79,188,0.921,rr
79,190,0.92,rr
79,192,0.938,rr
79,194,0.921,rr
79,196,0.934,rr
79,198,0.885,rr
79,200,0.914,rr
80,160,0.912,rr
80,162,0.922,rr
80,164,0.937,rr
80,166,0.941,rr
80,168,0.909,rr
80,170,0.936,rr
80,172,0.907,rr
80,174,0.913,rr
80,176,0.924,rr
80,178,0.885,rr
80,180,0.91,rr
80,182,0.951,rr
80,184,0.92,rr
80,186,0.953,rr
80,188,0.914,rr
80,190,0.933,rr
80,192,0.897,rr
80,194,0.863,rr
80,196,0.921,rr
80,198,0.948,rr
80,200,0.924,rr
81,162,0.925,rr
81,164,0.924,rr
81,166,0.914,rr
81,168,0.895,rr
81,170,0.926,rr
81,172,0.893,rr
81,174,0.906,rr
81,176,0.902,rr
81,178,0.934,rr
81,180,0.93,rr
81,182,0.93,rr
81,184,0.917,rr
81,186,0.936,rr
81,188,0.944,rr
81,190,0.951,rr
81,192,0.888,rr
81,194,0.845,rr
81,196,0.934,rr
81,198,0.909,rr
81,200,0.909,rr
82,164,0.925,rr
82,166,0.891,rr
82,168,0.92,rr
82,170,0.903,rr
82,172,0.922,rr
82,174,0.92,rr
82,176,0.928,rr
82,178,0.956,rr
82,180,0.922,rr
82,182,0.917,rr
82,184,0.942,rr
82,186,0.946,rr
82,188,0.897,rr
82,190,0.939,rr
82,192,0.9,rr
82,194,0.931,rr
82,196,0.929,rr
82,198,0.892,rr
82,200,0.93,rr
83,166,0.947,rr
83,168,0.928,rr
83,170,0.943,rr
83,172,0.932,rr
83,174,0.925,rr
83,176,0.925,rr
83,178,0.94,rr
83,180,0.914,rr
83,182,0.925,rr
83,184,0.948,rr
83,186,0.913,rr
83,188,0.935,rr
83,190,0.909,rr
83,192,0.917,rr
83,194,0.937,rr
83,196,0.931,rr
83,198,0.931,rr
83,200,0.918,rr
84,168,0.911,rr
84,170,0.907,rr
84,172,0.911,rr
84,174,0.889,rr
84,176,0.948,rr
84,178,0.9,rr
84,180,0.931,rr
84,182,0.935,rr
84,184,0.902,rr
84,186,0.917,rr
84,188,0.907,rr
84,190,0.947,rr
84,192,0.902,rr
84,194,0.852,rr
84,196,0.916,rr
84,198,0.95,rr
84,200,0.919,rr
85,170,0.943,rr
85,172,0.917,rr
85,174,0.935,rr
85,176,0.909,rr
85,178,0.944,rr
85,180,0.944,rr
85,182,0.933,rr
85,184,0.941,rr
85,186,0.89,rr
85,188,0.903,rr
85,190,0.905,rr
85,192,0.922,rr
85,194,0.949,rr
85,196,0.925,rr
85,198,0.945,rr
85,200,0.938,rr
86,172,0.938,rr
86,174,0.9,rr
86,176,0.944,rr
86,178,0.941,rr
86,180,0.95,rr
86,182,0.929,rr
86,184,0.92,rr
86,186,0.945,rr
86,188,0.925,rr
86,190,0.892,rr
86,192,0.931,rr
86,194,0.948,rr
86,196,0.892,rr
86,198,0.925,rr
86,200,0.888,rr
87,174,0.917,rr
87,176,0.946,rr
87,178,0.911,rr
87,180,0.916,rr
87,182,0.935,rr
87,184,0.931,rr
87,186,0.909,rr
87,188,0.943,rr
87,190,0.942,rr
87,192,0.941,rr
87,194,0.915,rr
87,196,0.892,rr
87,198,0.915,rr
87,200,0.957,rr
88,176,0.945,rr
88,178,0.914,rr
88,180,0.916,rr
88,182,0.911,rr
88,184,0.911,rr
88,186,0.902,rr
88,188,0.933,rr
88,190,0.889,rr
88,192,0.907,rr
88,194,0.915,rr
88,196,0.916,rr
88,198,0.927,rr
88,200,0.94,rr
89,178,0.915,rr
89,180,0.926,rr
89,182,0.9,rr
89,184,0.892,rr
89,186,0.93,rr
89,188,0.893,rr
89,190,0.935,rr
89,192,0.932,rr
89,194,0.898,rr
89,196,0.94,rr
89,198,0.917,rr
89,200,0.956,rr
90,180,0.943,rr
90,182,0.931,rr
90,184,0.913,rr
90,186,0.928,rr
90,188,0.941,rr
90,190,0.936,rr
90,192,0.937,rr
90,194,0.896,rr
90,196,0.918,rr
90,198,0.902,rr
90,200,0.889,rr
91,182,0.893,rr
91,184,0.956,rr
91,186,0.901,rr
91,188,0.913,rr
91,190,0.917,rr
91,192,0.944,rr
91,194,0.887,rr
91,196,0.939,rr
91,198,0.953,rr
91,200,0.906,rr
92,184,0.902,rr
92,186,0.902,rr
92,188,0.937,rr
92,190,0.91,rr
92,192,0.912,rr
92,194,0.955,rr
92,196,0.942,rr
92,198,0.913,rr
92,200,0.941,rr
93,186,0.906,rr
93,188,0.925,rr
93,190,0.926,rr
93,192,0.935,rr
93,194,0.911,rr
93,196,0.904,rr
93,198,0.9,rr
93,200,0.889,rr
94,188,0.935,rr
94,190,0.931,rr
94,192,0.914,rr
94,194,0.92,rr
94,196,0.939,rr
94,198,0.939,rr
94,200,0.919,rr
95,190,0.913,rr
95,192,0.907,rr
95,194,0.944,rr
95,196,0.914,rr
95,198,0.925,rr
95,200,0.908,rr
96,192,0.902,rr
96,194,0.922,rr
96,196,0.951,rr
96,198,0.892,rr
96,200,0.902,rr
97,194,0.939,rr
97,196,0.892,rr
97,198,0.932,rr
97,200,0.901,rr
98,196,0.884,rr
98,198,0.937,rr
98,200,0.9,rr
99,198,0.899,rr
99,200,0.93,rr
100,200,0.914,rr
